"Domain","Type","Path","Title","Tier","Correct_Type","Correct_Domain","Notes"
"ai","explanation","explanation/design/ui-design-agent-execution-plan.md","ui-design-agent-execution-plan","important","","",""
"ai","explanation","explanation/ui-design-agent-execution-plan.md","ui-design-agent-execution-plan","important","","",""
"ai","how-to","how-to/mcp-acl-guide.md","MCP 权限控制开发指南","standard","","",""
"ai","meta","00-meta/agent-app-docs-classification.md","Agent 应用 · 文档分类索引表","standard","","",""
"ai","meta","00-meta/FILE-MANAGEMENT-GUIDE-optimization-prompt.md","file-management-guide.md 体系优化提示词","standard","","",""
"ai","reference","reference/ai-memory-layer.md","ai-memory-layer","important","","",""
"ai","reference","reference/ai-center-contract.md","ai-center-contract","important","","",""
"ai","reports","reports/audit/mcp-usage/mcp-usage-report-1784135579861.md","TODO-ADD-TITLE","standard","","",""
"ai","reports","reports/retrospectives/mcp-zombie-server-audit-report.md","MCP Server 僵尸模块审计报告","standard","","",""
"architecture","explanation","explanation/design/blueprints/README.md","Blueprints","reference","","",""
"architecture","explanation","explanation/adr-004-hashrouter-static-hosting.md","ADR-004: HashRouter 静态托管方案","important","","",""
"architecture","meta","00-meta/markdown-reorg-framework.md","V9 Markdown 文档体系梳理与重构方案","standard","","",""
"architecture","meta","00-meta/lessons-architecture-review-2026-07-16.md","TODO-ADD-TITLE","standard","","",""
"architecture","reference","reference/03-architecture-standards.md","03-architecture-standards","important","","",""
"architecture","reference","reference/v9-architecture-data-dictionary-validation-report.md","V9 架构 Phase 4 一致性验证报告","standard","","",""
"architecture","reports","reports/retrospectives/mcp-architecture-remediation-plan-2026-07-08.md","MCP 架构整改行动计划","standard","","",""
"architecture","reports","reports/retrospectives/complexity-optimization-plan.md","圈复杂度优化方案","standard","","",""
"backend","explanation","explanation/design/value-bargain-strategy.md","价值洼地策略（value-bargain）","standard","","",""
"backend","explanation","explanation/design/core-scarce-strategy.md","核心稀缺资源策略（core-scarce）","standard","","",""
"backend","how-to","how-to/how-to-add-service.md","如何新增一个 Service（DataBridge + Envelope 路由）","standard","","",""
"backend","reference","guides/how-to-add-service.md","如何新增 Service","standard","","",""
"backend","reference","reference/rotation-score-spec.md","Rotation Score Service 实现规格","important","","",""
"backend","reports","reports/release-management/buildscoredocdiff-rollback-plan.md","buildScoreDocDiff 修复 — 生产部署回滚预案","standard","","",""
"backend","reports","reports/retrospectives/walkthrough-scoredoc-report.md","评分拍照比对功能模块 — 补充穿行测试报告","standard","","",""
"data","explanation","explanation/data-layer-overview.md","data-layer-overview","important","","",""
"data","explanation","explanation/design/dataflow-data-definition.md","dataflow-data-definition","important","","",""
"data","how-to","how-to/how-to-add-store.md","如何新增一个 Store（Zustand + withBroadcast）","standard","","",""
"data","meta","00-meta/deprecated-docs/old-versions/data-definition-v1.0.0-cockpit.md","驾驶舱 Widget 数据定义","standard","","",""
"data","meta","00-meta/deprecated-docs/old-versions/data-dictionary-index-v1.6.0.md","docs/00-meta/deprecated-docs/old-versions/data-dictionary-index-v1.6.0.md","reference","","",""
"data","reference","reference/data-collection/data-definition.md","数据采集模块数据字典","standard","","",""
"data","reference","modules/data-layer-overview.md","数据层总览","standard","","",""
"data","reports","reports/retrospectives/data-collection-task-list.md","数据采集模块开发任务清单","standard","","",""
"data","reports","reports/retrospectives/v9-data-blueprint-task-tracking.md","V9 数据关系蓝图任务跟踪计划","reference","","",""
"frontend","explanation","explanation/kimi-webbridge.md","Kimi WebBridge 插件","standard","","",""
"frontend","explanation","explanation/design/widget-integration-checklist.md","驾驶舱 Widget 集成检查清单","standard","","",""
"frontend","how-to","how-to/widget-development-guide.md","Widget 开发指南","standard","","",""
"frontend","how-to","how-to/how-to-add-widget.md","如何新增一个 Widget（WidgetShell + 事件总线）","standard","","",""
"frontend","reference","reference/chart-integration.md","V9 图表组件集成规格","important","","",""
"frontend","reference","reference/ui-remediation-tracker.md","ui-remediation-tracker","reference","","",""
"frontend","reports","reports/retrospectives/design-tokens-implementation-report.md","Design Tokens 系统实施事后分析报告","standard","","",""
"frontend","reports","reports/retrospectives/2026-07-09-route-registration-gap-report.md","路由注册缺失报告","standard","","",""
"product","explanation","explanation/production-release-checklist-SKILL.md","体系化上线测试检查清单 Skill","standard","","",""
"product","explanation","explanation/01-vision-and-goals.md","01. 愿景与目标","standard","","",""
"product","reference","reference/autonomous-workflow-user-guide.md","V9 自主工作流使用指南","standard","","",""
"product","reference","team-handbook/05-competitive-analysis.md","TODO-ADD-TITLE","standard","","",""
"project","explanation","explanation/completeness-profile-batch2.md","V9 模块完成度剖面图 — 批次 B（输入舱）","standard","","",""
"project","explanation","explanation/README.md","V9 智能投研复盘系统 — 文档中心（docs/ 总入口）","reference","","",""
"project","how-to","how-to/README.md","TODO-ADD-TITLE","reference","","",""
"project","how-to","how-to/hooks-guide.md","自定义 Hook 使用指南","standard","","",""
"project","meta","00-meta/deprecated-docs/old-versions/deployment-v1.0.0.md","Deployment Guide — V9 智能投研复盘系统部署基线","standard","","",""
"project","meta","00-meta/23-core-docs-final-verification-report.md","23-core-docs-final-verification-report","important","","",""
"project","reference","reference/changelogs/2026-07/pr-8-dedup-plan.md","pr-8-dedup-plan","important","","",""
"project","reference","reference/trade-contract.md","trade-contract","important","","",""
"project","reports","reports/retrospectives/2026-07-09-technical-sharing-ppt-outline.md","V9 项目文档化工作技术分享 PPT 大纲","standard","","",""
"project","reports","reports/changelogs/2026-07-08-documentation-summary-report.md","V9 项目文档化工作最终总结报告","standard","","",""
"project","tutorials","tutorials/getting-started.md","getting-started","important","","",""
"project","tutorials","tutorials/README.md","TODO-ADD-TITLE","reference","","",""
"qa","explanation","explanation/design/v9-code-quality-kanban-20260629.md","V9 代码质量校对分析 — 过程透明看板","important","","",""
"qa","explanation","explanation/design/automation-test-evaluation.md","V9 智能投研复盘系统 综合测试与可行性评估报告","standard","","",""
"qa","how-to","how-to/visual-regression-guide.md","visual-regression-guide","important","","",""
"qa","how-to","how-to/testing/complexity-remediation-plan.md","剩余复杂度整改任务清单与计划（2026-07-12）","standard","","",""
"qa","meta","00-meta/directory-audit-report-v1.4.3.md","P4 系统性目录梳理报告","standard","","",""
"qa","meta","00-meta/directory-structure-audit-report.md","V9 目录结构文档审计报告","standard","","",""
"qa","reference","reference/changelogs/2026-07/test-cache-fix-summary.md","测试缓存清理修复总结","standard","","",""
"qa","reference","04-testing/security-test-plan.md","security-test-plan","important","","",""
"qa","reports","reports/audit/audit-warning-report.md","V9 智能投研复盘系统 - 审计警告报告","standard","","",""
"qa","reports","reports/retrospectives/e2e-verify-redundancy-report.md","冗余设计专项端到端验证报告（R1–R5）","standard","","",""
