count,target
10,"NewsPage-迁移验收确认书.md"
7,"NewsPage-PoC验证报告.md"
6,"DECISIONS.md"
5,"V6-V9迁移最佳实践指南.md"
5,"V6Pro_整体架构梳理_v3.md"
4,"docs/explanation/dual-strategy-divergence-list.md"
3,"ui-module-alignment.md"
3,"docs/explanation/ui-module-alignment.md"
3,"trade_review_ai_report.md"
3,"docs/audit/report-1-architecture-health.md"
3,"docs/audit/report-2-function-completeness.md"
3,"docs/audit/report-3-data-type-consistency.md"
3,"docs/audit/report-4-test-quality-gates.md"
3,"docs/audit/report-5-documentation-completeness.md"
3,"v6-news-page-assets.md"
3,"01-intro.md"
2,"docs/reports/redundant-stores-supplementary-verification.md"
2,"docs/《prompts/》AGENTS.md"
2,"  ✅ README.md"
2,"v9核心数据字典与类型定义（整合版）.md"
2,"docs/reports/silent-fallback-fix-report.md"
2,"completeness-profile.md"
2,"batch1-merge-report.md"
2,".github/pull_request_template.md"
2,"docs/how-to/how-to-add-page.md"
2,"docs/standards/type-evolution-guide.md"
2,"docs/standards/react-lifecycle-patterns.md"
2,"service-subdomain-overview.md"
2,"v9-issue-execution-board.md"
2,"prd/feature-xxx.md"
2,"batch2-merge-report.md"
2,"batch3-merge-report.md"
2,"doc-sync-gap-list.md"
2,"docs/ui-design-execution-plan.md"
2,"docs/explanation/route-registry-audit-notes.md"
2,"docs/audit/report-7-ui-component-supplementary-audit.md"
2,"docs/data-lineage.md"
2,"docs/pwa-offline-data-strategy.md"
2,"(参考文档)v10-architecture-whitepaper.md"
2,"-data-definition.md"
2,"01_intro.md"
2,"migration-fix-report.md"
2,"docs/V9核心数据字典与类型定义（整合版）.md"
2,"docs/audit/code-completeness-test-report.md"
2,"type-safety-prompt-snippet.md"
1,"file.md"
1,"v9-issue-resolution-schedule.md"
1,"docs/explanation/doc-sync-gap-list.md"
1,"trading-core-factors.md"
1,"task-graph-template.md"
1,"news-data-definition.md"
1,"ai-center-data-definition.md"
1,"dual-strategy-dataflow-spec.md"
1,"feedback-loop-spec.md"
1,"complexity-remediation-plan.md"
1,"v6pro-ui-page-diff-report.md"
1,"data-collection-route-ui-audit.md"
1,"code-review.md"
1,"TESTING-STRATEGY.md"
1,"SKILL.md"
1,".agents/skills/feature-window-context-doc/SKILL.md"
1,"file-management-system/templates/ADR-template.md"
1,"tools/file-management-system/templates/ADR-template.md"
1,"docs/data-store-schema.md"
1,"数据宪法.md"
1,"outputs/doc-audit-2026-07-14/诊断与重梳方案报告.md"
1,"A/a-navigation-governance.md"
1,"B/b-architecture-design.md"
1,"…-file-wandering-report.md"
1,"…-optimization-prompt.md"
1,"…-RCA-report.md"
1,"…-task-list.md"
1,"../nonexistent.md"
1,"docs/explanation/design/BACKTEST_data-definition.md"
1,"docs/explanation/design/NEWS_data-definition.md"
1,"system-maturity-assessment-2026-07-12.md"
1,"v9-system-check-report-2026-07-12.md"
1,"文件去重与整理治理方案.md"
1,"残留校对更新报告-2026-07-12.md"
1,"改进路线图实施计划.md"
1,"api-doc-draft-2026-07-12t08-33-40-567z.md"
1,"kebab-case.md"
1,"2026-07-12-security-audit.md"
1,"docs/reports/api-report.md"
1,"DEPRECATED_原文件名.md"
1,"docs/reference/v9核心数据字典与类型定义（整合版）.md"
1,"how-to-add-page.md"
1,"-contract.md"
1,"outputs/doc-auto-updater-diagnosis-and-score.md"
1,"api-report.md"
1,"NEWS_data-definition.md"
1,"B批次代码审查与改造报告_2026-07-08.md"
1,"cockpit-widget-architecture.md"
1,"基准: v6-v9界面设计优化可行性计划.md"
1,"-p2.md"
1,"01~10.md"
1,"implementation/ui-module-alignment.md"
1,"docs/implementation/adr/2026-06-24-v6-migration.md"
1,"file:///c:/Users/huawei/Desktop/LU/.trae/skills/ai-driven-app-development/prompts/踩坑备忘录.md"
1,"v9-parallel-task-schedule.md"
1,"prompts/docs-as-mirror-quickref.md"
1,"databridge-over-direct-datalayer.md"
1,"outputs/architecture-cleanup-completion-report-2026-07-14.md"
1,"docs/changelogs/2026-07/pr-6-module-split-plan.md"
1,"docs/changelogs/2026-07/trade-error-classifier-split-completion-archive.md"
1,"C:\Users\huawei\Desktop\智能股票系统测试测试\ui_module_comparison.md"
1,"01-introduction.md"
1,"phase-01-report.md"
1,"phase-02-report.md"
1,"v1.0.0-release-notes.md"
1,"1-intro.md"
1,"a2-vision-and-goals.md"
1,"c7-data-dictionary-index.md"
1,"C:\Users\huawei\Desktop\智能股票系统测试测试\v10-architecture-whitepaper.md"
1,"architecture-guide.md"
1,"v6_pro_full_architecture_redefinition.md"
1,"v6_pro_data_interaction_protocols.md"
1,"docs/explanation/prototype-reference.md"
1,"ui_module_comparison.md"
1,"docs/implementation/adr/ADR-001~009.md"
1,"V9核心数据字典与类型定义（整合版）.md"
1,"docs/《V9 目标功能清单》.md"
1,"docs/explanation/completeness-profile-batch1~5.md"
1,"docs/audit/report-9-data-layer-compliance.md"
1,"docs/audit/report-10-mature-app-benchmark-comparison.md"
1,"docs/audit/report-11-integration-maturity-test.md"
1,"doc-sync-execution-plan.md"
1,"docs/《V9核心数据字典》.md"
1,"docs/BACKTEST_data-definition.md"
1,"整改任务执行追踪.md"
1,"references/doc-code-consistency.md"
1,"references/checklist.md"
1,"docs/reports/2026-07-07-comprehensive-audit-report.md"
1,"类型_主题_日期.md"
1,"docs/explanation/design/ui-optimization-plan.md"
1,"docs/explanation/design/design-principles.md"
1,"docs/02-design/ADR/adr-xxx-mcp-server-lifecycle.md"
1,"docs/quick-queries.md"