old_path,filename,size,last_modified,frontmatter_title,frontmatter_version,frontmatter_type,diataxis_category,target_path,cross_refs
A-H-INDEX.md,A-H-INDEX.md,4322,2026-07-14T00:24:46.042462,,,,explanation,docs/explanation/A-H-INDEX.md,../README.md; ../../prompts/system-prompt-template.md; ../../prompts/
README.md,README.md,3077,2026-07-14T00:15:34.894862,,,,explanation,docs/explanation/README.md,
refactor-research-pool-rename-plan.md,refactor-research-pool-rename-plan.md,22156,2026-07-14T00:15:34.899867,,,,reference,docs/reference/refactor-research-pool-rename-plan.md,
00-meta/23-core-docs-final-verification-report.md,23-core-docs-final-verification-report.md,7991,2026-07-14T08:28:18.232827,,,,explanation,docs/00-meta/23-core-docs-final-verification-report.md,
00-meta/23-core-docs-functional-match-report.md,23-core-docs-functional-match-report.md,9641,2026-07-14T08:28:18.232827,,,,explanation,docs/00-meta/23-core-docs-functional-match-report.md,
00-meta/23-core-docs-v2-final-report.md,23-core-docs-v2-final-report.md,10061,2026-07-14T08:28:18.234840,,,,explanation,docs/00-meta/23-core-docs-v2-final-report.md,
00-meta/23个核心文档重新检索报告.md,23个核心文档重新检索报告.md,7740,2026-07-14T08:28:18.234840,,,,how-to,docs/00-meta/23个核心文档重新检索报告.md,
00-meta/CHANGELOG_WARNINGS_HANDLING_STRATEGY.md,CHANGELOG_WARNINGS_HANDLING_STRATEGY.md,4342,2026-07-14T08:28:18.234840,,,,explanation,docs/00-meta/CHANGELOG_WARNINGS_HANDLING_STRATEGY.md,
00-meta/CLEANUP_SCHEDULE.md,CLEANUP_SCHEDULE.md,3918,2026-07-14T08:28:18.234840,,,,explanation,docs/00-meta/CLEANUP_SCHEDULE.md,
00-meta/directory-audit-report-v1.4.3.md,directory-audit-report-v1.4.3.md,12618,2026-07-14T08:28:18.256527,,,,explanation,docs/00-meta/directory-audit-report-v1.4.3.md,
00-meta/DIRECTORY_AUDIT_FEASIBILITY_PLAN.md,DIRECTORY_AUDIT_FEASIBILITY_PLAN.md,12784,2026-07-14T08:28:18.234840,,,,explanation,docs/00-meta/DIRECTORY_AUDIT_FEASIBILITY_PLAN.md,
00-meta/DIRECTORY_AUDIT_TODO.md,DIRECTORY_AUDIT_TODO.md,11294,2026-07-14T08:28:18.234840,,,,explanation,docs/00-meta/DIRECTORY_AUDIT_TODO.md,
00-meta/DIRECTORY_STRUCTURE_AUDIT_REPORT.md,DIRECTORY_STRUCTURE_AUDIT_REPORT.md,11451,2026-07-14T08:28:18.234840,,,,explanation,docs/00-meta/DIRECTORY_STRUCTURE_AUDIT_REPORT.md,
00-meta/DIRECTORY_STRUCTURE_GUIDE.md,DIRECTORY_STRUCTURE_GUIDE.md,34235,2026-07-14T08:28:18.234840,,,,how-to,docs/00-meta/DIRECTORY_STRUCTURE_GUIDE.md,
00-meta/doc-auto-update-kanban.md,doc-auto-update-kanban.md,11630,2026-07-14T08:28:18.259110,文档自动更新体系 — 任务看板（单一事实源）,,,explanation,docs/00-meta/doc-auto-update-kanban.md,
00-meta/doc-file-management-optimization-plan.md,doc-file-management-optimization-plan.md,21449,2026-07-14T08:28:18.259110,,,,reference,docs/00-meta/doc-file-management-optimization-plan.md,
00-meta/doc-system-check-v9.md,doc-system-check-v9.md,31789,2026-07-14T08:28:18.259110,,,,explanation,docs/00-meta/doc-system-check-v9.md,
00-meta/doc-trigger-action-map.md,doc-trigger-action-map.md,8402,2026-07-14T08:28:18.259110,,,,explanation,docs/00-meta/doc-trigger-action-map.md,
00-meta/FILE-MANAGEMENT-GUIDE-cleanup-decisions.md,FILE-MANAGEMENT-GUIDE-cleanup-decisions.md,9245,2026-07-14T08:28:18.234840,,,,how-to,docs/00-meta/FILE-MANAGEMENT-GUIDE-cleanup-decisions.md,
00-meta/FILE-MANAGEMENT-GUIDE-file-wandering-report.md,FILE-MANAGEMENT-GUIDE-file-wandering-report.md,17087,2026-07-14T08:28:18.237354,,,,how-to,docs/00-meta/FILE-MANAGEMENT-GUIDE-file-wandering-report.md,../../AGENTS.md
00-meta/FILE-MANAGEMENT-GUIDE-optimization-prompt.md,FILE-MANAGEMENT-GUIDE-optimization-prompt.md,19915,2026-07-14T08:28:18.237354,,,,how-to,docs/00-meta/FILE-MANAGEMENT-GUIDE-optimization-prompt.md,../../AGENTS.md
00-meta/FILE-MANAGEMENT-GUIDE-RCA-report.md,FILE-MANAGEMENT-GUIDE-RCA-report.md,31476,2026-07-14T08:28:18.234840,,,,how-to,docs/00-meta/FILE-MANAGEMENT-GUIDE-RCA-report.md,../../AGENTS.md; ../00-meta/trae-file-management-review.md
00-meta/FILE-MANAGEMENT-GUIDE-task-list.md,FILE-MANAGEMENT-GUIDE-task-list.md,13473,2026-07-14T08:28:18.237354,,,,how-to,docs/00-meta/FILE-MANAGEMENT-GUIDE-task-list.md,../../AGENTS.md; ../00-meta/trae-file-management-review.md
00-meta/GOVERNANCE.md,GOVERNANCE.md,8212,2026-07-14T08:28:18.237354,,,,reference,docs/00-meta/GOVERNANCE.md,
00-meta/migration-plan.md,migration-plan.md,10691,2026-07-14T08:28:18.259110,,,,reference,docs/00-meta/migration-plan.md,
00-meta/outputs-and-undefined-src-evaluation-report.md,outputs-and-undefined-src-evaluation-report.md,14743,2026-07-14T08:28:18.259110,,,,explanation,docs/00-meta/outputs-and-undefined-src-evaluation-report.md,
00-meta/P5-verification-report.md,P5-verification-report.md,5287,2026-07-14T08:28:18.237354,,,,explanation,docs/00-meta/P5-verification-report.md,
00-meta/prompt-execute-remediation.md,prompt-execute-remediation.md,6224,2026-07-14T08:28:18.260968,,,,explanation,docs/00-meta/prompt-execute-remediation.md,
00-meta/prompt-merge-dedup.md,prompt-merge-dedup.md,4240,2026-07-14T08:28:18.260968,,,,explanation,docs/00-meta/prompt-merge-dedup.md,
00-meta/REGISTRY_INDEX.md,REGISTRY_INDEX.md,21634,2026-07-14T08:28:18.237354,,,,reference,docs/00-meta/REGISTRY_INDEX.md,
00-meta/src-directories-evaluation-report.md,src-directories-evaluation-report.md,13034,2026-07-14T08:28:18.260968,,,,explanation,docs/00-meta/src-directories-evaluation-report.md,
00-meta/trae-file-management-review.md,trae-file-management-review.md,17612,2026-07-14T08:28:18.260968,,,,explanation,docs/00-meta/trae-file-management-review.md,
00-meta/v9-next-phase-todo.md,v9-next-phase-todo.md,15449,2026-07-14T08:28:18.261982,V9 文档体系治理 — 下一阶段任务图（P4 执行计划）,,,explanation,docs/00-meta/v9-next-phase-todo.md,
00-meta/V9-PRE-LAUNCH-AUDIT-REPORT-20260713.md,V9-PRE-LAUNCH-AUDIT-REPORT-20260713.md,4386,2026-07-14T08:28:18.237354,,,,explanation,docs/00-meta/V9-PRE-LAUNCH-AUDIT-REPORT-20260713.md,
00-meta/V9-文档治理修复行动计划.md,V9-文档治理修复行动计划.md,16040,2026-07-14T08:28:18.239362,,,,reference,docs/00-meta/V9-文档治理修复行动计划.md,
00-meta/V9-项目健康状态总览.md,V9-项目健康状态总览.md,17702,2026-07-14T08:28:18.239362,,,,explanation,docs/00-meta/V9-项目健康状态总览.md,
00-meta/执行校验报告.md,执行校验报告.md,6594,2026-07-14T08:28:18.261982,,,,explanation,docs/00-meta/执行校验报告.md,
00-meta/文档体系体检报告-v9.md,文档体系体检报告-v9.md,35654,2026-07-14T08:28:18.261982,,,,explanation,docs/00-meta/文档体系体检报告-v9.md,
00-meta/文档体系修复执行计划-v1.md,文档体系修复执行计划-v1.md,5293,2026-07-14T08:28:18.261982,,,,explanation,docs/00-meta/文档体系修复执行计划-v1.md,
00-meta/文档归类体系结构.md,文档归类体系结构.md,31912,2026-07-14T08:28:18.261982,,,,reference,docs/00-meta/文档归类体系结构.md,
00-meta/文档理解核查报告.md,文档理解核查报告.md,16690,2026-07-14T08:28:18.261982,,,,reference,docs/00-meta/文档理解核查报告.md,
00-meta/文档管理系统评分报告.md,文档管理系统评分报告.md,9781,2026-07-14T08:28:18.261982,,,,explanation,docs/00-meta/文档管理系统评分报告.md,
00-meta/文档自动更新体系-架构梳理与任务清单.md,文档自动更新体系-架构梳理与任务清单.md,24844,2026-07-14T08:28:18.261982,,,,reference,docs/00-meta/文档自动更新体系-架构梳理与任务清单.md,
00-meta/月度文档体检检查清单.md,月度文档体检检查清单.md,4190,2026-07-14T08:28:18.261982,月度文档体系体检检查清单,,,explanation,docs/00-meta/月度文档体检检查清单.md,
00-meta/ai-index/.ai-index/README.md,README.md,4114,2026-07-14T08:28:18.242242,,,,explanation,docs/00-meta/README.md,
00-meta/deprecated-docs/old-versions/DATA_DEFINITION-v1.0.0-cockpit.md,DATA_DEFINITION-v1.0.0-cockpit.md,5823,2026-07-14T08:28:18.253509,驾驶舱 Widget 数据定义,,,reference,docs/00-meta/DATA_DEFINITION-v1.0.0-cockpit.md,
00-meta/deprecated-docs/old-versions/DATA_DICTIONARY_INDEX-v1.6.0.md,DATA_DICTIONARY_INDEX-v1.6.0.md,13054,2026-07-14T08:28:18.253509,,,,reference,docs/00-meta/DATA_DICTIONARY_INDEX-v1.6.0.md,
00-meta/deprecated-docs/old-versions/deployment-v1.0.0.md,deployment-v1.0.0.md,17022,2026-07-14T08:28:18.255516,,,,reference,docs/00-meta/deployment-v1.0.0.md,
00-meta/deprecated-docs/old-versions/REGISTRY_INDEX-v1.0.0-02-design.md,REGISTRY_INDEX-v1.0.0-02-design.md,30150,2026-07-14T08:28:18.255516,,,,explanation,docs/00-meta/REGISTRY_INDEX-v1.0.0-02-design.md,../01-requirements/completeness-profile-batch1.md; ../changelogs/变更摘要-2026-06-28-Phase0-数据层改造.md; ../reports/2026-07-09-store-derived-documentation-analysis.md; ../03-development/B批次组件集成测试报告_B6_2026-07-08.md; ../01-requirements/V9数据宪法.md; ../03-development/2026-06-25-v6-migration.md; ../changelogs/2026-07/2026-07-05-module-registry-and-integration.md; ../audit/代码清理待确认清单与信息孤岛整合建议.md; ../changelogs/2026-07/2026-07-05-p0-5-and-legacy-bugs-jira-tickets.md; ../01-requirements/data-collection-task-list.md; ../audit/v9-ui-component-feasibility-assessment.md; ../reports/hardcode-warning-root-cause-analysis.md; ../audit/output-cabin-remediation-report.md; ../04-testing/testing-strategy.md; ../reports/2026-07-08-store-derived-documentation-analysis.md; ../changelogs/2026-07/2026-07-05-comprehensive-audit-and-remediation.md; ../reports/脚本与测试质量检查报告.md; ../reports/2026-07-09-undocumented-files-report.md; ../reports/2026-07-08-documentation-summary-report.md; ../audit/比对分析报告检索与比对报告.md; ../reports/test-artifacts-cleanup-list.md; ../changelogs/2026-07/2026-07-05-color-refactor-p1.md; ../reports/2026-07-09-update-log.md; ../03-development/V9-TEST-CASES.md; ../04-testing/completeness-profile-batch2.md; ../changelogs/2026-07/2026-07-05-color-refactor-p2.md; ../audit/cockpit_整体设计一致性审查.md; ../01-requirements/2026-06-20-indexeddb-over-localstorage.md; ../reports/2026-07-08-undocumented-files-report.md; ../reports/2026-07-09-technical-sharing-ppt-outline.md; ../01-requirements/batchE-fix-plan.md; ../audit/模块补全验收报告.md; ../01-requirements/02-functional-specs.md; ../reports/batch-B-input-audit.md; ../changelogs/2026-07/2026-07-05-ui-testing-optimization.md; ../04-testing/a11y-contrast-report.md; ../changelogs/2026-07/2026-07-05-color-token-refactor.md; ../04-testing/task-graph-template.md; ../audit/代码质量整改与回归测试报告_2026-07-08.md; ../01-requirements/V9_L2状态层补齐路线图.md; ../reports/lessons-learned/latest.md; ../06-project-management/data_link_sequence_diagram.md; ../01-requirements/2026-07-01-v6-architecture-dominance-batch-a.md; ../03-development/chart-integration.md; ../reports/2026-07-09-email-body.md; ../reports/code-review-wip-2026-07-11.md; ../reports/mcp-architecture-remediation-plan-2026-07-08.md; ../01-requirements/v9-input-cabin-strategy-report.md; ../03-development/DEPRECATED_batch2-merge-report.md; ../03-development/jsdoc-convention.md; ../reports/audit-findings-2026-07-05.md; ../changelogs/2026-07/pr-7-trade-error-classifier-split-plan.md; ../reports/mcp-integration-test-report-2026-07-08-v2.md; ../01-requirements/fourth-industrial-revolution-core-resource-strategy.md; ../reports/monthly-2026-07.md; ../changelogs/2026-07/pr-8-dedup-audit-report.md; ../changelogs/2026-07/2026-07-05-audit-false-positive-analysis.md; ../03-development/v9-data-timeline.md; ../01-requirements/01-vision-and-goals.md; ../01-requirements/batchB-fix-plan.md; ../guides/mcp-acl-guide.md; ../01-requirements/stock-pool-board-migration-proposal.md; ../03-development/db-migration-v4-to-v6.md; ../01-requirements/pwa-offline-guide.md; ../reports/changelog-2026-07-04T06-45-59.md; ../reports/2026-07-09-remaining-p1-gaps-fix-plan.md; ../01-requirements/action-list.md; ../reports/2026-07-09-rm-audit-diff-report.md; ../changelogs/2026-07/completeness-profile-p1.md; ../reports/v2.2.1-test-coverage-comparison.md; ../01-requirements/walkthrough-scoredoc-report.md; ../01-requirements/RM剩余任务全量盘点与整改方案_2026-07-08.md; ../03-development/DEPRECATED_v9-issue-resolution-schedule.md; ../reports/token-optimization-best-practices.md; ../changelogs/2026-07/action-list-p1.md; ../03-development/2026-06-24-input-cabin-subpages.md; ../04-testing/feature-entry-list.md; ../reports/code-quality-report-2026-07-06.md; ../03-development/audit-b4-4-security.md; ../01-requirements/audit-b4-1-code-quality.md; ../reports/2026-07-09-jira-tasks.md; ../01-requirements/autonomous-workflow-user-guide.md; ../changelogs/2026-07/2026-07-05-databridge-query-implementation.md; ../architecture/architecture-version-comparison; ../reports/2026-07-09-p0-todo-list.md; ../reports/2026-07-09-p1-fix-technical-summary.md; ../03-development/v9-rectification-tasks-v15-v16.md; ../reports/knowledge-graph-token-optimization-report.md; ../reports/mcp-architecture-audit-report-2026-07-08.md; ../reports/audit-batch-C-analysis.md; ../changelogs/2026-07/2026-07-05-p2-completion-and-backlog.md; ../changelogs/2026-07/2026-07-05-systematic-doc-update.md; ../reports/design-tokens-implementation-report.md; ../01-requirements/DEPRECATED_ui-module-alignment.md; ../01-requirements/completeness-profile-batch5.md; ../reports/test-coverage-comparison-v2.2.1.md; ../audit/code-quality-audit-report.md; ../03-development/ui-migration-checklist.md; ../03-development/2026-06-23-portalshell-dark-kimi-layout.md; ../changelogs/2026-07/test-cache-fix-summary.md; ../03-development/AI_CENTER_VUE3_EXAMPLES.md; ../03-development/pending-tasks-inventory-20260701.md; ../architecture/component-deprecation-policy; ../03-development/2026-06-29-data-relationship-blueprint.md; ../audit/debug-output-cabin-not-rendering.md; ../audit/untracked-files-remediation-report.md; ../03-development/weekly-check-2026-06-30.md; ../reports/2026-07-09-p0-p1-fix-code-plan.md; ../audit/cockpit_widget_40错误核查-分析判断.md; ../01-requirements/agent-runtime-spec.md; ../reports/refactoring-plan-2026-07-04.md; ../01-requirements/automation-test-plan.md; ../reports/2026-07-09-route-registration-gap-report.md; ../audit/report-12-integration-baseline-comparison.md; ../01-requirements/《DataBridge改进建议整改实施计划》.md; ../changelogs/2026-07/2026-07-05-post-dev-review.md; ../reports/token-consumption-analysis-2026-07-04.md; ../reports/2026-07-09-four-category-problem-analysis.md; ../audit/代码质量合规审查报告_2026-07-08.md; ../03-development/audit-b4-2-test-quality.md; ../01-requirements/batchD-fix-plan.md; ../03-development/v6-to-v9-migration-spec.md; ../reports/audit-hardcode-warning-distribution.md; ../reports/2026-07-08-document-update-report.md; ../03-development/complexity-governance.md; ../reports/mcp-acl-fix-plan-2026-07-08.md; ../05-deployment/2026-06-21-hashrouter-for-static-hosting.md; ../03-development/completeness-profile-batch3.md; ../03-development/quality-gates-baseline.md; ../03-development/a11y-checklist.md; ../01-requirements/03-architecture-standards.md; ../audit/v6-v9-ui-component-comparison-report.md; ../audit/V9 架构缺陷与整改行动清单.md; ../audit/文档-代码双向一致性检测报告_2026-07-08.md; ../01-requirements/v9-code-quality-audit-report-20260629.md; ../03-development/2026-07-05-exception-handling-test-report.md; ../03-development/《V9 目标功能清单》.md; ../01-requirements/2026-06-24-adopt-v6-core-resource-trading-strategy.md; ../04-testing/B批次高价值孤儿集成状态报告_2026-07-08.md; ../01-requirements/v6pro-to-v9-migration-analysis.md; ../reports/test-failure-analysis-report.md; ../03-development/feedback-loop-spec.md; ../04-testing/v9-issue-management.md; ../audit/report-6-remediation-action-list.md; ../changelogs/2026-07/pr-8-dedup-plan.md; ../changelogs/2026-07/pr-5-build-optimization-summary.md; ../01-requirements/rotation-score-spec.md; ../reports/type-error-diagnosis-report.md; ../03-development/RBAC整合可行性分析与实施计划_2026-07-08.md; ../01-requirements/《DataBridge端点与数据映射清单》.md; ../01-requirements/CODE-REVIEW.md; ../03-development/performance-baseline.md; ../reports/T11-compliance-audit-report.md; ../01-requirements/README.md; ../architecture/v10-architecture-alignment; ../audit/code-quality-rubric.md; ../changelogs/2026-07/2026-07-05-post-dev-review-actions.md; ../reports/2026-07-09-collection-plan-panel-v6-audit.md; ../01-requirements/completeness-profile.md; ../03-development/factor-tracking-roadmap.md; ../reports/lessons-learned/lessons-learned-2026-07-12.md; ../03-development/v9-data-relationship-er.md; ../reports/2026-07-05-document-update-report.md; ../reports/2026-07-08-undocumented-files-jsdoc-templates.md; ../audit/TypeScript错误处理和类型安全检测报告.md; ../03-development/dataflow-engine-spec.md; ../06-project-management/2026-06-21-databridge-over-direct-datalayer.md; ../04-testing/databridge-split-plan.md; ../reports/full-audit-inventory-2026-07-05.md; ../reports/2026-07-09-p1-gaps-fix-technical-review.md; ../03-development/2026-06-24-pool-screening-signal-persistence-review-engine.md; ../07-archive/DEPRECATED_v9-issue-execution-board.md; ../01-requirements/v9-system-blueprint.md; ../01-requirements/cockpit-news-doc-fix-plan.md
00-meta/deprecated-docs/old-versions/regression-suite-v1.0.0.md,regression-suite-v1.0.0.md,2270,2026-07-14T08:28:18.256527,,,,explanation,docs/00-meta/regression-suite-v1.0.0.md,
01-requirements/01-vision-and-goals.md,01-vision-and-goals.md,2459,2026-07-13T22:53:54.794773,,,,explanation,docs/explanation/01-vision-and-goals.md,
01-requirements/02-functional-specs.md,02-functional-specs.md,19486,2026-07-13T22:53:54.794773,,,,reference,docs/reference/02-functional-specs.md,
01-requirements/03-architecture-standards.md,03-architecture-standards.md,69693,2026-07-14T08:28:18.261982,,,,explanation,docs/explanation/03-architecture-standards.md,
01-requirements/action-list.md,action-list.md,13497,2026-07-14T08:28:18.265619,V9 五层追溯审计 — 修复行动清单,v2.0.0,,explanation,docs/explanation/action-list.md,
01-requirements/completeness-profile-batch1.md,completeness-profile-batch1.md,12937,2026-07-14T08:28:18.265619,V9 模块完成度剖面图 — 批次 1,v2.0.0,,reference,docs/reference/completeness-profile-batch1.md,
01-requirements/completeness-profile-batch4.md,completeness-profile-batch4.md,6397,2026-07-13T22:53:54.796807,V9 模块完成度剖面图 — 批次 D（交易舱）,v1.0.0,,explanation,docs/explanation/completeness-profile-batch4.md,
01-requirements/completeness-profile-batch5.md,completeness-profile-batch5.md,6585,2026-07-13T22:53:54.796807,V9 模块完成度逆向校验 — 批次 E（输出舱 + 总控舱）完成度剖面图,v1.0.0,,explanation,docs/explanation/completeness-profile-batch5.md,
01-requirements/completeness-profile.md,completeness-profile.md,16540,2026-07-13T22:53:54.797505,V9 模块完成度剖面图 — 全量汇总,v7.0.0,,explanation,docs/explanation/completeness-profile.md,
01-requirements/FILE-MANAGEMENT-GUIDE.md,FILE-MANAGEMENT-GUIDE.md,15996,2026-07-14T08:28:18.261982,,,,how-to,docs/how-to/FILE-MANAGEMENT-GUIDE.md,../../AGENTS.md; ../00-meta/trae-file-management-review.md; ./README.md
01-requirements/fourth-industrial-revolution-core-resource-strategy.md,fourth-industrial-revolution-core-resource-strategy.md,17988,2026-07-14T08:28:18.265619,第四次工业革命稀缺核心资源 — 交易策略解析与 V9 采用方案,v0.9.0,,explanation,docs/explanation/fourth-industrial-revolution-core-resource-strategy.md,
01-requirements/overview.md,overview.md,7964,2026-07-14T08:28:18.265619,,,,explanation,docs/explanation/overview.md,
01-requirements/README.md,README.md,7682,2026-07-13T22:53:54.798510,,,,reference,docs/reference/README.md,./01-vision-and-goals.md; ../02-design/standards/quality-gates/09-quality-gates.md; ../02-design/services/06-routing-specs.md; ../standards/ai-center-data-definition.md; ../03-development/migration/v6-to-v9-migration-spec.md; ../02-design/standards/implementation-governance.md; ../02-design/cabins/input-cabin-ui-reshaping.md; ../02-design/standards/design-tokens/04-ui-ux-specs.md; ../02-design/standards/07-operation-strategy.md; ../02-design/cabins/investment-pipeline-stage-analysis.md; ../02-design/data-layer/data-interaction-protocols.md; ../reports/changelogs/CHANGELOG.md; ../standards/DATA_DEFINITION.md; ../02-design/cockpit/v6-cockpit-ui-reference.md; ../02-design/standards/10-glossary.md; ../02-design/cabins/trading-core-factors.md; ./02-functional-specs.md; ../02-design/standards/08-implementation-plan.md; ../02-design/services/05-engine-specs.md; ./03-architecture-standards.md; ../02-design/data-layer/factor-tracking-roadmap.md; ../02-design/cabins/input-cabin-spec.md; ../02-design/services/API_CONTRACT.md
01-requirements/RM剩余任务全量盘点与整改方案_2026-07-08.md,RM剩余任务全量盘点与整改方案_2026-07-08.md,23717,2026-07-14T08:28:18.261982,,,,reference,docs/reference/RM剩余任务全量盘点与整改方案_2026-07-08.md,
01-requirements/v9-input-cabin-strategy-report.md,v9-input-cabin-strategy-report.md,15179,2026-07-14T08:28:18.265619,V9 输入舱升级策略报告,v0.9.0,,explanation,docs/explanation/v9-input-cabin-strategy-report.md,
01-requirements/v9-system-blueprint.md,v9-system-blueprint.md,24042,2026-07-13T22:53:54.800519,V9 智能投研复盘系统 — 整体架构蓝图,v0.9.0-doc-sync-batch2,,reference,docs/reference/v9-system-blueprint.md,
01-requirements/V9数据宪法.md,V9数据宪法.md,37722,2026-07-14T08:28:18.265619,,,,reference,docs/reference/V9数据宪法.md,../src/constants/ai-center.constants.ts; ../src/services/trading/tradeReviewAI.ts; ../02-design/data-layer/data-interaction-protocols.md; ../src/types/modules/ai-center.types.ts; ../src/services/scoring/rotationSignalDetector.ts; ../src/services/trading/tradeErrorClassifier.ts; ../src/core/dataflow/dataflowTypes.ts; ../src/core/envelope.ts; ../src/config/dbConfig.ts; ../src/core/memoryCache.ts; ./03-architecture-standards.md; ../src/config/dualStrategyRules.ts; docs/audit/V9现有数据资产清单.md; ../src/types/modules/tradeReview.types.ts; ../src/constants/health.constants.ts; ../02-design/DATA_DICTIONARY_INDEX.md
02-design/ai/ai-generate-audit-fix-loop.md,ai-generate-audit-fix-loop.md,4774,2026-07-13T22:53:54.801518,,,,explanation,docs/explanation/ai-generate-audit-fix-loop.md,
02-design/ai/ai-memory-layer.md,ai-memory-layer.md,2123,2026-07-14T08:28:18.265619,,,,explanation,docs/explanation/ai-memory-layer.md,
02-design/ai/mcp-coupling-analysis-report.md,mcp-coupling-analysis-report.md,25738,2026-07-13T22:53:54.802517,,,,explanation,docs/explanation/mcp-coupling-analysis-report.md,
02-design/architecture/2026-06-20-pure-frontend-architecture.md,2026-06-20-pure-frontend-architecture.md,1283,2026-07-14T08:28:18.265619,ADR-001: 纯前端无后端架构,v0.9.0,,explanation,docs/explanation/2026-06-20-pure-frontend-architecture.md,
02-design/architecture/architecture-version-comparison.md,architecture-version-comparison.md,12478,2026-07-14T08:28:18.271547,架构设计文档版本比对,v0.9.0,,explanation,docs/explanation/architecture-version-comparison.md,
02-design/architecture/cabins-overview.md,cabins-overview.md,4819,2026-07-13T22:53:54.806518,,,,explanation,docs/explanation/cabins-overview.md,
02-design/architecture/overview.md,overview.md,5203,2026-07-13T22:53:54.809516,,,,explanation,docs/explanation/overview.md,
02-design/architecture/services-catalog.md,services-catalog.md,4135,2026-07-13T22:53:54.809516,,,,reference,docs/reference/services-catalog.md,
02-design/architecture/v10-architecture-alignment.md,v10-architecture-alignment.md,13628,2026-07-14T08:28:18.274108,V10 架构白皮书与 V9 对齐报告,v0.9.0,,explanation,docs/explanation/v10-architecture-alignment.md,
02-design/architecture/v9-strategy-architecture.md,v9-strategy-architecture.md,48120,2026-07-13T22:53:54.812515,V9 策略架构文档,v0.9.8,,explanation,docs/explanation/v9-strategy-architecture.md,../01-requirements/03-architecture-standards.md; ../01-requirements/2026-06-24-adopt-v6-core-resource-trading-strategy.md
02-design/architecture/adr/2026-06-21-databridge-over-direct-datalayer.md,2026-06-21-databridge-over-direct-datalayer.md,1193,2026-07-14T08:28:18.265619,ADR-003: DataBridge 替代直接 dataLayer 写入,v0.9.0,,explanation,docs/explanation/2026-06-21-databridge-over-direct-datalayer.md,
02-design/architecture/adr/adr-001-pure-frontend-architecture.md,adr-001-pure-frontend-architecture.md,6119,2026-07-14T08:28:18.269016,ADR-001: 纯前端无后端架构,,,explanation,docs/explanation/adr-001-pure-frontend-architecture.md,
02-design/architecture/adr/adr-002-indexeddb-over-localstorage.md,adr-002-indexeddb-over-localstorage.md,5013,2026-07-13T22:53:54.803518,ADR-002: IndexedDB 替代 localStorage,,,reference,docs/reference/adr-002-indexeddb-over-localstorage.md,
02-design/architecture/adr/adr-003-databridge-over-direct-datalayer.md,adr-003-databridge-over-direct-datalayer.md,7700,2026-07-14T08:28:18.269016,ADR-003: DataBridge 替代直接 dataLayer 写入,,,reference,docs/reference/adr-003-databridge-over-direct-datalayer.md,
02-design/architecture/adr/adr-004-hashrouter-static-hosting.md,adr-004-hashrouter-static-hosting.md,4089,2026-07-13T22:53:54.803518,ADR-004: HashRouter 静态托管方案,,,explanation,docs/explanation/adr-004-hashrouter-static-hosting.md,
02-design/architecture/adr/adr-005-portalshell-dark-kimi-layout.md,adr-005-portalshell-dark-kimi-layout.md,4395,2026-07-14T08:28:18.269016,ADR-005: PortalShell 深色 Kimi 经典布局,,,explanation,docs/explanation/adr-005-portalshell-dark-kimi-layout.md,
02-design/architecture/adr/adr-006-input-cabin-subpages.md,adr-006-input-cabin-subpages.md,4276,2026-07-14T08:28:18.269016,ADR-006: 输入舱拆分为四子页面,,,reference,docs/reference/adr-006-input-cabin-subpages.md,
02-design/architecture/adr/adr-007-screening-signal-persistence-review.md,adr-007-screening-signal-persistence-review.md,4843,2026-07-14T08:28:18.269016,ADR-007: 补齐筛选引擎、信号持久化与复盘引擎,,,explanation,docs/explanation/adr-007-screening-signal-persistence-review.md,
02-design/architecture/adr/adr-008-v6-core-resource-trading-strategy.md,adr-008-v6-core-resource-trading-strategy.md,4496,2026-07-14T08:28:18.269016,ADR-008: 采用 V6 核心资源交易策略,,,explanation,docs/explanation/adr-008-v6-core-resource-trading-strategy.md,
02-design/architecture/adr/adr-009-dual-strategy-system.md,adr-009-dual-strategy-system.md,5587,2026-07-14T08:28:18.269016,ADR-009: 引入热门板块与价值洼地双策略体系,,,explanation,docs/explanation/adr-009-dual-strategy-system.md,
02-design/architecture/adr/adr-mcp-server-lifecycle.md,adr-mcp-server-lifecycle.md,7525,2026-07-13T22:53:54.805519,,,,reference,docs/reference/adr-mcp-server-lifecycle.md,
02-design/architecture/adr/README.md,README.md,19698,2026-07-14T08:28:18.269016,V9 架构决策记录（ADR）主索引,,,reference,docs/reference/README.md,
02-design/architecture/compliance/2026-06-29-data-architecture-governance.md,2026-06-29-data-architecture-governance.md,19901,2026-07-13T22:53:54.806518,,,,explanation,docs/explanation/2026-06-29-data-architecture-governance.md,
02-design/architecture/compliance/architecture-compliance-report.md,architecture-compliance-report.md,11724,2026-07-13T22:53:54.806518,,,,explanation,docs/explanation/architecture-compliance-report.md,
02-design/architecture/compliance/v6-v9-architecture-audit-action-list.md,v6-v9-architecture-audit-action-list.md,17438,2026-07-14T08:28:18.272074,V6 → V9 架构一致性整改行动清单,v2.0.0,,explanation,docs/explanation/v6-v9-architecture-audit-action-list.md,
02-design/architecture/compliance/v6-v9-architecture-audit-plan.md,v6-v9-architecture-audit-plan.md,7650,2026-07-14T08:28:18.272074,V6 → V9 架构一致性审计计划,v1.1.0,,explanation,docs/explanation/v6-v9-architecture-audit-plan.md,./v6-v9-architecture-audit-action-list.md
02-design/architecture/compliance/v6-v9-rectification-feasibility-report.md,v6-v9-rectification-feasibility-report.md,13971,2026-07-14T08:28:18.272074,V6→V9 架构整改校正评估与可行性分析报告,v1.0.0,,explanation,docs/explanation/v6-v9-rectification-feasibility-report.md,
02-design/architecture/compliance/v9-architecture-data-dictionary-validation-report.md,v9-architecture-data-dictionary-validation-report.md,11717,2026-07-13T22:53:54.808517,V9 架构 Phase 4 一致性验证报告,v1.0.0,,reference,docs/reference/v9-architecture-data-dictionary-validation-report.md,
02-design/architecture/compliance/v9-architecture-data-diff-report.md,v9-architecture-data-diff-report.md,23167,2026-07-14T08:28:18.272074,V9 架构资产差异分析报告（Phase 5 深层审计）,v0.9.1,,explanation,docs/explanation/v9-architecture-data-diff-report.md,
02-design/architecture/compliance/v9-architecture-rectification-strategy.md,v9-architecture-rectification-strategy.md,7599,2026-07-14T08:28:18.272074,V9 架构整改总体策略与执行计划,v1.0.0,,explanation,docs/explanation/v9-architecture-rectification-strategy.md,
02-design/architecture/subsystems/2026-06-21-hashrouter-for-static-hosting.md,2026-06-21-hashrouter-for-static-hosting.md,1059,2026-07-14T08:28:18.272074,ADR-004: React Router HashRouter,v0.9.0,,explanation,docs/explanation/2026-06-21-hashrouter-for-static-hosting.md,
02-design/architecture/subsystems/2026-06-27-dual-strategy-system.md,2026-06-27-dual-strategy-system.md,9598,2026-07-14T08:28:18.272074,ADR-009: 引入热门板块与价值洼地双策略体系,v0.9.0,,explanation,docs/explanation/2026-06-27-dual-strategy-system.md,
02-design/architecture/subsystems/ARCHITECTURE.md,ARCHITECTURE.md,15282,2026-07-13T22:53:54.810516,,,,explanation,docs/explanation/ARCHITECTURE.md,
02-design/architecture/subsystems/component-deprecation-policy.md,component-deprecation-policy.md,6332,2026-07-13T22:53:54.810516,,,,explanation,docs/explanation/component-deprecation-policy.md,../02-design/data-flow-spec.md; ../audit/v9-code-quality-kanban-20260629; ../02-design/widget-development-guide.md
02-design/architecture/subsystems/security-model.md,security-model.md,19044,2026-07-13T22:53:54.810516,,,,reference,docs/reference/security-model.md,
02-design/architecture/subsystems/V9_L2状态层补齐路线图.md,V9_L2状态层补齐路线图.md,19574,2026-07-13T22:53:54.811516,,,,explanation,docs/explanation/V9_L2状态层补齐路线图.md,
02-design/cabins/analysis-cabin-spec.md,analysis-cabin-spec.md,2392,2026-07-13T22:53:54.813515,,,,reference,docs/reference/analysis-cabin-spec.md,
02-design/cabins/analysis-screening-module-dev-plan.md,analysis-screening-module-dev-plan.md,16438,2026-07-14T08:28:18.274108,,,,explanation,docs/explanation/analysis-screening-module-dev-plan.md,
02-design/cabins/command-cabin-spec.md,command-cabin-spec.md,1975,2026-07-13T22:53:54.813515,,,,reference,docs/reference/command-cabin-spec.md,
02-design/cabins/core-scarce-strategy.md,core-scarce-strategy.md,5516,2026-07-13T22:53:54.814516,核心稀缺资源策略（core-scarce）,v1.0.0,,explanation,docs/explanation/core-scarce-strategy.md,./stock-selection-strategy.md; ../01-requirements/2026-06-24-adopt-v6-core-resource-trading-strategy.md
02-design/cabins/hot-momentum-strategy.md,hot-momentum-strategy.md,7101,2026-07-13T22:53:54.814516,热门赛道策略（hot-momentum）,v1.0.0,,explanation,docs/explanation/hot-momentum-strategy.md,./stock-selection-strategy.md; ./value-bargain-strategy.md
02-design/cabins/input-cabin-spec.md,input-cabin-spec.md,9379,2026-07-13T22:53:54.814516,输入舱业务规格与实现映射,v0.9.0,,reference,docs/reference/input-cabin-spec.md,
02-design/cabins/input-cabin-ui-reshaping.md,input-cabin-ui-reshaping.md,4168,2026-07-14T08:28:18.274108,输入舱 UI 体系化重塑说明,v0.9.0,,reference,docs/reference/input-cabin-ui-reshaping.md,
02-design/cabins/investment-pipeline-stage-analysis.md,investment-pipeline-stage-analysis.md,12196,2026-07-13T22:53:54.815516,投资流程阶段化分析：仓位、引擎、数据架构与数据交互,v0.9.0,,explanation,docs/explanation/investment-pipeline-stage-analysis.md,
02-design/cabins/output-cabin-spec.md,output-cabin-spec.md,1549,2026-07-13T22:53:54.815516,,,,reference,docs/reference/output-cabin-spec.md,
02-design/cabins/stock-selection-strategy.md,stock-selection-strategy.md,7971,2026-07-13T22:53:54.815516,V9 选股策略总文档,v1.0.0,,explanation,docs/explanation/stock-selection-strategy.md,./value-bargain-strategy.md; ./watchlist-strategy.md; ../01-requirements/2026-06-24-adopt-v6-core-resource-trading-strategy.md; ./hot-momentum-strategy.md; ./core-scarce-strategy.md; ../01-requirements/03-architecture-standards.md
02-design/cabins/trading-cabin-spec.md,trading-cabin-spec.md,1756,2026-07-13T22:53:54.816516,,,,reference,docs/reference/trading-cabin-spec.md,
02-design/cabins/trading-core-factors.md,trading-core-factors.md,9807,2026-07-14T08:28:18.274108,交易核心因子与复盘指标导入,v0.9.0,,explanation,docs/explanation/trading-core-factors.md,
02-design/cabins/value-bargain-strategy.md,value-bargain-strategy.md,8429,2026-07-13T22:53:54.816516,价值洼地策略（value-bargain）,v1.0.0,,explanation,docs/explanation/value-bargain-strategy.md,./hot-momentum-strategy.md; ./stock-selection-strategy.md; ./watchlist-strategy.md
02-design/cabins/watchlist-strategy.md,watchlist-strategy.md,6857,2026-07-13T22:53:54.816516,观察仓策略（watchlist）,v1.0.0,,explanation,docs/explanation/watchlist-strategy.md,./hot-momentum-strategy.md; ./stock-selection-strategy.md; ./core-scarce-strategy.md; ./value-bargain-strategy.md
02-design/cabins/业务能力补充报告_自选股异动_2026-07-09.md,业务能力补充报告_自选股异动_2026-07-09.md,2693,2026-07-13T22:53:54.818031,,,,explanation,docs/explanation/业务能力补充报告_自选股异动_2026-07-09.md,
02-design/cockpit/tradeReviewAI-skill-testing.md,tradeReviewAI-skill-testing.md,4518,2026-07-13T22:53:54.818031,,,,explanation,docs/explanation/tradeReviewAI-skill-testing.md,
02-design/cockpit/v6-cockpit-ui-reference.md,v6-cockpit-ui-reference.md,8210,2026-07-14T08:28:18.274108,v6-pro-cockpit UI 组件参考（输入舱）,v0.9.0,,reference,docs/reference/v6-cockpit-ui-reference.md,
02-design/cockpit/widget-development-guide.md,widget-development-guide.md,14862,2026-07-13T22:53:54.819043,Widget 开发指南,v1.2.0,,how-to,docs/how-to/widget-development-guide.md,
02-design/cockpit/widget-error-handling.md,widget-error-handling.md,6908,2026-07-14T08:28:18.274108,V9 Widget 错误隔离与降级规格,v0.9.0-doc-sync-batch2,,reference,docs/reference/widget-error-handling.md,
02-design/cockpit/widget-integration-checklist.md,widget-integration-checklist.md,4981,2026-07-13T22:53:54.819550,,,,reference,docs/reference/widget-integration-checklist.md,
02-design/components/atomic-component-system.md,atomic-component-system.md,21308,2026-07-13T22:53:54.819550,,,,reference,docs/reference/atomic-component-system.md,
02-design/components/component-library-guide.md,component-library-guide.md,13506,2026-07-13T22:53:54.819550,,,,how-to,docs/how-to/component-library-guide.md,
02-design/components/ui-design-agent-execution-plan.md,ui-design-agent-execution-plan.md,13031,2026-07-14T08:28:18.275615,,,,explanation,docs/explanation/ui-design-agent-execution-plan.md,
02-design/components/ui-design-system.md,ui-design-system.md,8500,2026-07-13T22:53:54.821775,,,,explanation,docs/explanation/ui-design-system.md,
02-design/components/ui-only-implementation-summary.md,ui-only-implementation-summary.md,8160,2026-07-14T08:28:18.275615,V6 Pro UI / Page 吸收落地总结（仅 UI 展示层，不动数据架构）,v0.9.0,,explanation,docs/explanation/ui-only-implementation-summary.md,
02-design/components/ui-remediation-tracker.md,ui-remediation-tracker.md,26728,2026-07-14T08:28:18.276676,,,,reference,docs/reference/ui-remediation-tracker.md,
02-design/components/UI改善部分检索报告.md,UI改善部分检索报告.md,7212,2026-07-14T08:28:18.275615,,,,explanation,docs/explanation/UI改善部分检索报告.md,
02-design/components/UI设计优化实施计划_详细版.md,UI设计优化实施计划_详细版.md,57211,2026-07-13T22:53:54.822784,,,,reference,docs/reference/UI设计优化实施计划_详细版.md,
02-design/components/V6-V9界面设计HTML精读报告.md,V6-V9界面设计HTML精读报告.md,11409,2026-07-13T22:53:54.823784,,,,explanation,docs/explanation/V6-V9界面设计HTML精读报告.md,
02-design/components/V6-V9界面设计优化可行性计划.md,V6-V9界面设计优化可行性计划.md,15948,2026-07-13T22:53:54.848302,,,,explanation,docs/explanation/V6-V9界面设计优化可行性计划.md,
02-design/components/v6pro-ui-page-diff-report.md,v6pro-ui-page-diff-report.md,23202,2026-07-13T22:53:54.871681,V6 Pro 备份源码/线上站点 与 V9 当前项目 UI & Page 差异全量对比报告,v0.9.0,,explanation,docs/explanation/v6pro-ui-page-diff-report.md,
02-design/components/v6pro-v9-gap-analysis-final.md,v6pro-v9-gap-analysis-final.md,8464,2026-07-13T22:53:54.876680,V6 Pro → V9 架构差异分析报告（最终版）,v2.1.0,,explanation,docs/explanation/v6pro-v9-gap-analysis-final.md,
02-design/data-layer/core-data-strategy-report.md,core-data-strategy-report.md,49408,2026-07-14T08:28:18.276676,,,,explanation,docs/explanation/core-data-strategy-report.md,
02-design/data-layer/data-collection-architecture.md,data-collection-architecture.md,13956,2026-07-14T08:28:18.276676,数据采集模块架构设计,v0.9.0,,explanation,docs/explanation/data-collection-architecture.md,
02-design/data-layer/data-collection-gap-analysis.md,data-collection-gap-analysis.md,16509,2026-07-13T22:53:54.878119,,,,explanation,docs/explanation/data-collection-gap-analysis.md,
02-design/data-layer/data-collection-route-ui-audit.md,data-collection-route-ui-audit.md,15829,2026-07-14T08:28:18.276676,,,,reference,docs/reference/data-collection-route-ui-audit.md,../../src/components/organisms/input/StockSearch.tsx; ../../src/pages/input/SevenDimConfigPage.tsx; ../../src/apps/output/OutputApp.tsx; ../../src/apps/input/InputDashboard.tsx; ../../src/apps/input/HotSectorPanel.tsx; ../../src/apps/input/DataTestPanel.tsx; ../../src/apps/input/BulkImportPanel.tsx; ../../src/pages/input/LocalKnowledgePage.tsx
02-design/data-layer/data-flow-spec.md,data-flow-spec.md,8895,2026-07-13T22:53:54.878813,V9 数据流规范,,,reference,docs/reference/data-flow-spec.md,../01-requirements/V9数据宪法.md; ../03-development/dataflow-engine-spec.md
02-design/data-layer/data-interaction-protocols.md,data-interaction-protocols.md,4982,2026-07-13T22:53:54.878813,数据交互协议,v0.9.0,,reference,docs/reference/data-interaction-protocols.md,
02-design/data-layer/data-layer-overview.md,data-layer-overview.md,26386,2026-07-13T22:53:54.878813,数据层总览（Data Layer Overview）,,,explanation,docs/explanation/data-layer-overview.md,../../AGENTS.md; ../standards/DATA_DICTIONARY_INDEX.md; ../02-design/05-engine-specs.md; ../architecture/overview.md
02-design/data-layer/dual-strategy-dataflow-spec.md,dual-strategy-dataflow-spec.md,7068,2026-07-14T08:28:18.276676,V9 双策略体系与数据流架构规格（用户输入版待校对）,v0.1.0-proposal,,reference,docs/reference/dual-strategy-dataflow-spec.md,
02-design/data-layer/dual-strategy-gap-analysis.md,dual-strategy-gap-analysis.md,16941,2026-07-14T08:28:18.276676,V9 双策略规格与现有项目差异分析报告,v0.1.0-proposal,,explanation,docs/explanation/dual-strategy-gap-analysis.md,
02-design/data-layer/dual-strategy-update-log-and-consistency-check.md,dual-strategy-update-log-and-consistency-check.md,15650,2026-07-14T08:28:18.276676,V9 双策略体系 — 更新日志与一致性检查,v1.0.0,,reference,docs/reference/dual-strategy-update-log-and-consistency-check.md,
02-design/data-layer/factor-tracking-roadmap.md,factor-tracking-roadmap.md,5814,2026-07-13T22:53:54.879826,因子提炼、扩容与追踪路径分析,v0.9.0,,explanation,docs/explanation/factor-tracking-roadmap.md,
02-design/data-layer/v9-data-relationship-er.md,v9-data-relationship-er.md,6820,2026-07-13T22:53:54.880826,V9 数据库实体关系蓝图,v1.1.0,,explanation,docs/explanation/v9-data-relationship-er.md,
02-design/data-layer/v9-data-timeline.md,v9-data-timeline.md,9973,2026-07-13T22:53:54.880826,V9 数据时间关系与生命周期蓝图,v1.1.0,,reference,docs/reference/v9-data-timeline.md,
02-design/data-layer/V9_IndexedDB_Store_Schema.md,V9_IndexedDB_Store_Schema.md,38259,2026-07-13T22:53:54.881827,,,,reference,docs/reference/V9_IndexedDB_Store_Schema.md,
02-design/data-layer/V9_数据血缘追踪.md,V9_数据血缘追踪.md,39168,2026-07-13T22:53:54.881827,,,,reference,docs/reference/V9_数据血缘追踪.md,
02-design/data-layer/《V9数据架构修订建议》.md,《V9数据架构修订建议》.md,19070,2026-07-13T22:53:54.881827,,,,reference,docs/reference/《V9数据架构修订建议》.md,
02-design/data-layer/数据治理路线图.md,数据治理路线图.md,17563,2026-07-14T08:28:18.279187,,,,reference,docs/reference/数据治理路线图.md,./09-quality-gates.md; ./DATA_DICTIONARY_INDEX.md; ../01-requirements/V9数据宪法.md; docs/audit/V9现有数据资产清单.md; ../01-requirements/03-architecture-standards.md
02-design/services/05-engine-specs.md,05-engine-specs.md,36499,2026-07-14T08:28:18.279187,,,,reference,docs/reference/05-engine-specs.md,
02-design/services/06-routing-specs.md,06-routing-specs.md,21891,2026-07-13T22:53:54.882941,,,,reference,docs/reference/06-routing-specs.md,
02-design/services/ai-center-contract.md,ai-center-contract.md,8372,2026-07-13T22:53:54.883996,ai-center-contract.md — AI 中心接口契约,,,reference,docs/reference/ai-center-contract.md,
02-design/services/analysis-contract.md,analysis-contract.md,13717,2026-07-13T22:53:54.883996,analysis-contract.md,,,reference,docs/reference/analysis-contract.md,
02-design/services/API_CONTRACT.md,API_CONTRACT.md,15845,2026-07-13T22:53:54.885000,,,,reference,docs/reference/API_CONTRACT.md,
02-design/services/backtest-contract.md,backtest-contract.md,9639,2026-07-13T22:53:54.885000,backtest-contract.md — 回测引擎接口契约,,,reference,docs/reference/backtest-contract.md,
02-design/services/collection-contract.md,collection-contract.md,9068,2026-07-13T22:53:54.885000,collection-contract.md — 数据采集子域接口契约,,,reference,docs/reference/collection-contract.md,
02-design/services/data-collector-contract.md,data-collector-contract.md,4800,2026-07-13T22:53:54.885998,data-collector 服务契约,,,reference,docs/reference/data-collector-contract.md,
02-design/services/dataflow-engine-spec.md,dataflow-engine-spec.md,6519,2026-07-13T22:53:54.885998,DataFlow Engine 实现规格,v0.9.0,,reference,docs/reference/dataflow-engine-spec.md,
02-design/services/execution-contract.md,execution-contract.md,8077,2026-07-13T22:53:54.885998,execution-contract.md — 交易执行子域接口契约,,,reference,docs/reference/execution-contract.md,
02-design/services/export-contract.md,export-contract.md,7841,2026-07-13T22:53:54.887996,export-contract.md,,,reference,docs/reference/export-contract.md,
02-design/services/fetcher-contract.md,fetcher-contract.md,5374,2026-07-13T22:53:54.887996,fetcher 服务契约,,,reference,docs/reference/fetcher-contract.md,
02-design/services/hybrid-proofread-contract.md,hybrid-proofread-contract.md,9340,2026-07-13T22:53:54.888504,hybrid-proofread 服务契约,,,reference,docs/reference/hybrid-proofread-contract.md,
02-design/services/input-contract.md,input-contract.md,10858,2026-07-13T22:53:54.888504,input-contract.md,,,reference,docs/reference/input-contract.md,
02-design/services/llm-contract.md,llm-contract.md,9759,2026-07-13T22:53:54.888504,LLM 子域接口契约,,,reference,docs/reference/llm-contract.md,
02-design/services/news-contract.md,news-contract.md,12372,2026-07-13T22:53:54.889513,news-contract.md — 新闻资讯子域接口契约,,,reference,docs/reference/news-contract.md,
02-design/services/portfolio-contract.md,portfolio-contract.md,7982,2026-07-13T22:53:54.889513,portfolio-contract.md,,,reference,docs/reference/portfolio-contract.md,
02-design/services/pwa-contract.md,pwa-contract.md,6349,2026-07-13T22:53:54.890514,PWA Service Worker 子域接口契约,,,reference,docs/reference/pwa-contract.md,
02-design/services/rbac-contract.md,rbac-contract.md,15351,2026-07-13T22:53:54.891512,rbac-contract.md,,,reference,docs/reference/rbac-contract.md,
02-design/services/scoring-contract.md,scoring-contract.md,5721,2026-07-13T22:53:54.891512,scoring 服务契约,,,reference,docs/reference/scoring-contract.md,
02-design/services/screening-contract.md,screening-contract.md,9283,2026-07-13T22:53:54.891512,screening-contract.md — 选股/筛选子域接口契约,,,reference,docs/reference/screening-contract.md,
02-design/services/stock-analysis-contract.md,stock-analysis-contract.md,10926,2026-07-13T22:53:54.891512,stock-analysis-contract.md — 个股分析子域接口契约,,,reference,docs/reference/stock-analysis-contract.md,
02-design/services/stockpool-contract.md,stockpool-contract.md,8836,2026-07-13T22:53:54.891512,stockpool-contract.md — 股票池管理子域接口契约,,,reference,docs/reference/stockpool-contract.md,
02-design/services/system-contract.md,system-contract.md,13147,2026-07-13T22:53:54.891512,system-contract.md,,,reference,docs/reference/system-contract.md,
02-design/services/trade-contract.md,trade-contract.md,9150,2026-07-13T22:53:54.891512,trade-contract.md — 交易域接口契约,,,reference,docs/reference/trade-contract.md,
02-design/services/trading-contract.md,trading-contract.md,18897,2026-07-13T22:53:54.893018,trading-contract.md,,,reference,docs/reference/trading-contract.md,
02-design/services/useCase-contract.md,useCase-contract.md,14617,2026-07-13T22:53:54.893534,useCase-contract.md — 业务用例编排接口契约,,,reference,docs/reference/useCase-contract.md,
02-design/services/_contract-template.md,_contract-template.md,3628,2026-07-13T22:53:54.893534,Service 子域契约模板,,,reference,docs/reference/_contract-template.md,
02-design/services/《功能模块数据契约》.md,《功能模块数据契约》.md,87024,2026-07-13T22:53:54.894639,功能模块数据契约,v0.9.8,,reference,docs/reference/《功能模块数据契约》.md,
02-design/services/双通道投研评分系统技术方案.md,双通道投研评分系统技术方案.md,23905,2026-07-13T22:53:54.894639,,,,explanation,docs/explanation/双通道投研评分系统技术方案.md,
02-design/standards/07-operation-strategy.md,07-operation-strategy.md,10114,2026-07-13T22:53:54.895640,,,,reference,docs/reference/07-operation-strategy.md,
02-design/standards/08-implementation-plan.md,08-implementation-plan.md,16395,2026-07-14T08:28:18.279187,,,,reference,docs/reference/08-implementation-plan.md,
02-design/standards/10-glossary.md,10-glossary.md,16568,2026-07-13T22:53:54.895640,,,,explanation,docs/explanation/10-glossary.md,
02-design/standards/ai-center-data-definition.md,ai-center-data-definition.md,17810,2026-07-13T22:53:54.896639,,,,explanation,docs/explanation/ai-center-data-definition.md,
02-design/standards/AI_CENTER_VUE3_EXAMPLES.md,AI_CENTER_VUE3_EXAMPLES.md,15435,2026-07-13T22:53:54.896639,,,,explanation,docs/explanation/AI_CENTER_VUE3_EXAMPLES.md,
02-design/standards/audit-b4-4-security.md,audit-b4-4-security.md,18987,2026-07-14T08:28:18.279187,,,,reference,docs/reference/audit-b4-4-security.md,
02-design/standards/backtest-data-definition.md,backtest-data-definition.md,6057,2026-07-13T22:53:54.898145,,,,reference,docs/reference/backtest-data-definition.md,
02-design/standards/chart-integration.md,chart-integration.md,8012,2026-07-14T08:28:18.279187,V9 图表组件集成规格,v0.9.0-doc-sync-batch2,,reference,docs/reference/chart-integration.md,
02-design/standards/code-review-guide.md,code-review-guide.md,19347,2026-07-14T08:28:18.282412,,,,how-to,docs/how-to/code-review-guide.md,
02-design/standards/CODE-REVIEW.md,CODE-REVIEW.md,17713,2026-07-14T08:28:18.279187,,,,reference,docs/reference/CODE-REVIEW.md,
02-design/standards/coding-conventions.md,coding-conventions.md,2926,2026-07-13T22:53:54.899150,,,,reference,docs/reference/coding-conventions.md,
02-design/standards/complexity-governance.md,complexity-governance.md,1752,2026-07-13T22:53:54.900297,,,,explanation,docs/explanation/complexity-governance.md,../AGENTS.md
02-design/standards/dataflow-data-definition.md,dataflow-data-definition.md,6377,2026-07-14T08:28:18.282412,,,,explanation,docs/explanation/dataflow-data-definition.md,
02-design/standards/DATA_DEFINITION.md,DATA_DEFINITION.md,56498,2026-07-14T08:28:18.279187,,,,reference,docs/reference/DATA_DEFINITION.md,
02-design/standards/DATA_DICTIONARY_INDEX.md,DATA_DICTIONARY_INDEX.md,3287,2026-07-14T08:28:18.279187,,,,reference,docs/reference/DATA_DICTIONARY_INDEX.md,
02-design/standards/development-workflow-sop.md,development-workflow-sop.md,18910,2026-07-14T08:28:18.282412,,,,reference,docs/reference/development-workflow-sop.md,../../AGENTS.md; ../../ARCHITECTURE.md; ../../CHANGELOG.md; ../GOVERNANCE.md
02-design/standards/gateway-write-permission-spec.md,gateway-write-permission-spec.md,12153,2026-07-14T08:28:18.282412,,,,reference,docs/reference/gateway-write-permission-spec.md,../../AGENTS.md; ../01-requirements/FILE-MANAGEMENT-GUIDE.md; ../02-design/core-data-strategy-report.md
02-design/standards/HOOKS_GUIDE.md,HOOKS_GUIDE.md,3344,2026-07-14T08:28:18.279187,,,,how-to,docs/how-to/HOOKS_GUIDE.md,
02-design/standards/implementation-governance.md,implementation-governance.md,6773,2026-07-13T22:53:54.905386,实施治理与架构决策记录,v0.9.0,,explanation,docs/explanation/implementation-governance.md,
02-design/standards/jsdoc-convention.md,jsdoc-convention.md,1618,2026-07-13T22:53:54.905386,,,,explanation,docs/explanation/jsdoc-convention.md,../AGENTS.md
02-design/standards/multi-factor-screening-data-definition.md,multi-factor-screening-data-definition.md,2634,2026-07-14T08:28:18.282412,,,,explanation,docs/explanation/multi-factor-screening-data-definition.md,
02-design/standards/news-data-definition.md,news-data-definition.md,8485,2026-07-13T22:53:54.906385,,,,explanation,docs/explanation/news-data-definition.md,
02-design/standards/overview.md,overview.md,15310,2026-07-14T08:28:18.282412,,,,explanation,docs/explanation/overview.md,
02-design/standards/RBAC整合可行性分析与实施计划_2026-07-08.md,RBAC整合可行性分析与实施计划_2026-07-08.md,11385,2026-07-14T08:28:18.279187,,,,explanation,docs/explanation/RBAC整合可行性分析与实施计划_2026-07-08.md,
02-design/standards/risk-derived-data-definition.md,risk-derived-data-definition.md,12276,2026-07-13T22:53:54.915106,,,,reference,docs/reference/risk-derived-data-definition.md,
02-design/standards/seven-dim-advanced-config-implementation.md,seven-dim-advanced-config-implementation.md,18521,2026-07-14T08:28:18.285461,,,,reference,docs/reference/seven-dim-advanced-config-implementation.md,
02-design/standards/seven-dim-config-data-definition.md,seven-dim-config-data-definition.md,18319,2026-07-13T22:53:54.915106,,,,explanation,docs/explanation/seven-dim-config-data-definition.md,
02-design/standards/task-graph-template.md,task-graph-template.md,1709,2026-07-13T22:53:54.916106,,,,explanation,docs/explanation/task-graph-template.md,../../AGENTS.md
02-design/standards/《V9核心数据字典与类型定义（整合版）》.md,《V9核心数据字典与类型定义（整合版）》.md,159687,2026-07-14T08:28:18.285461,,,,reference,docs/reference/《V9核心数据字典与类型定义（整合版）》.md,
02-design/standards/《V9现有数据资产清单》.md,《V9现有数据资产清单》.md,48290,2026-07-14T08:28:18.286972,,,,reference,docs/reference/《V9现有数据资产清单》.md,
02-design/standards/design-tokens/04-ui-ux-specs.md,04-ui-ux-specs.md,17625,2026-07-13T22:53:54.901811,,,,reference,docs/reference/04-ui-ux-specs.md,
02-design/standards/design-tokens/design-token-mapping.md,design-token-mapping.md,22896,2026-07-13T22:53:54.901811,,,,explanation,docs/explanation/design-token-mapping.md,
02-design/standards/design-tokens/design-tokens.md,design-tokens.md,12831,2026-07-13T22:53:54.901811,,,,explanation,docs/explanation/design-tokens.md,
02-design/standards/design-tokens/PAGE_STRUCTURE.md,PAGE_STRUCTURE.md,3764,2026-07-14T08:28:18.282412,,,,explanation,docs/explanation/PAGE_STRUCTURE.md,
02-design/standards/design-tokens/song-aesthetics.md,song-aesthetics.md,1679,2026-07-14T08:28:18.282412,,,,explanation,docs/explanation/song-aesthetics.md,
02-design/standards/design-tokens/spacing-tokens.md,spacing-tokens.md,5754,2026-07-13T22:53:54.903830,,,,explanation,docs/explanation/spacing-tokens.md,
02-design/standards/design-tokens/token-usage-cookbook.md,token-usage-cookbook.md,2833,2026-07-13T22:53:54.904379,,,,explanation,docs/explanation/token-usage-cookbook.md,
02-design/standards/quality-gates/09-quality-gates.md,09-quality-gates.md,12111,2026-07-13T22:53:54.906385,,,,explanation,docs/explanation/09-quality-gates.md,
02-design/standards/quality-gates/audit-b4-1-code-quality.md,audit-b4-1-code-quality.md,18223,2026-07-13T22:53:54.907390,,,,reference,docs/reference/audit-b4-1-code-quality.md,
02-design/standards/quality-gates/audit-b4-2-test-quality.md,audit-b4-2-test-quality.md,20226,2026-07-13T22:53:54.907390,,,,explanation,docs/explanation/audit-b4-2-test-quality.md,
02-design/standards/quality-gates/audit-b4-3-performance.md,audit-b4-3-performance.md,20043,2026-07-14T08:28:18.282412,,,,explanation,docs/explanation/audit-b4-3-performance.md,../01-requirements/v9-code-quality-audit-report-20260629.md
02-design/standards/quality-gates/optimization-progress-report.md,optimization-progress-report.md,26050,2026-07-14T08:28:18.285461,,,,explanation,docs/explanation/optimization-progress-report.md,
02-design/standards/quality-gates/performance-baseline.md,performance-baseline.md,2916,2026-07-13T22:53:54.910387,,,,explanation,docs/explanation/performance-baseline.md,
02-design/standards/quality-gates/quality-assurance-strategy.md,quality-assurance-strategy.md,17656,2026-07-13T22:53:54.910387,,,,explanation,docs/explanation/quality-assurance-strategy.md,
02-design/standards/quality-gates/quality-gates-baseline.md,quality-gates-baseline.md,4661,2026-07-13T22:53:54.910387,质量门禁实测基线（2026-06-25）,v0.9.0,,explanation,docs/explanation/quality-gates-baseline.md,
02-design/standards/quality-gates/TECH-DEBT.md,TECH-DEBT.md,22826,2026-07-13T22:53:54.911387,,,,reference,docs/reference/TECH-DEBT.md,
02-design/standards/quality-gates/visual-regression-guide.md,visual-regression-guide.md,6149,2026-07-13T22:53:54.911387,,,,how-to,docs/how-to/visual-regression-guide.md,
02-design/standards/quality-gates/《V9 代码实现分析报告》.md,《V9 代码实现分析报告》.md,8142,2026-07-14T08:28:18.285461,V9 代码实现分析报告,v1.0.0,,explanation,docs/explanation/《V9 代码实现分析报告》.md,
02-design/standards/quality-gates/《V9 架构覆盖分析报告》.md,《V9 架构覆盖分析报告》.md,5662,2026-07-13T22:53:54.912386,V9 架构覆盖分析报告,v1.0.0,,explanation,docs/explanation/《V9 架构覆盖分析报告》.md,
02-design/store/migration-news-useState-to-zustand.md,migration-news-useState-to-zustand.md,7176,2026-07-13T22:53:54.918622,新闻模块 — useState → Zustand 迁移文档,v1.0.0,,explanation,docs/explanation/migration-news-useState-to-zustand.md,
02-design/store/STATE_MANAGEMENT.md,STATE_MANAGEMENT.md,5139,2026-07-14T08:28:18.286972,状态管理规范,,,explanation,docs/explanation/STATE_MANAGEMENT.md,
02-design/store/unified-pool-storage-spec.md,unified-pool-storage-spec.md,11142,2026-07-14T08:28:18.286972,,,,reference,docs/reference/unified-pool-storage-spec.md,../../AGENTS.md; ../02-design/10-glossary.md; ../02-design/core-data-strategy-report.md; ./gateway-write-permission-spec.md
03-development/checklists/batchB-fix-plan.md,batchB-fix-plan.md,8119,2026-07-13T22:53:54.920621,批次 B P2 问题修复方案,v1.0.0,,reference,docs/reference/batchB-fix-plan.md,
03-development/checklists/batchD-fix-plan.md,batchD-fix-plan.md,10619,2026-07-13T22:53:54.920621,V9 批次 D（交易舱）P2 问题修复方案,v1.0.0,,reference,docs/reference/batchD-fix-plan.md,
03-development/checklists/batchE-fix-plan.md,batchE-fix-plan.md,9283,2026-07-13T22:53:54.921621,V9 批次 E（输出舱 + 总控舱）P2 问题修复方案,v1.0.0,,reference,docs/reference/batchE-fix-plan.md,
03-development/checklists/cockpit-news-doc-fix-plan.md,cockpit-news-doc-fix-plan.md,47940,2026-07-14T08:28:18.288223,Cockpit + News 模块文档修正方案,v0.9.1,,reference,docs/reference/cockpit-news-doc-fix-plan.md,../02-design/v9-architecture-data-diff-report.md
03-development/checklists/feedback-loop-spec.md,feedback-loop-spec.md,6746,2026-07-14T08:28:18.289237,V9 操作反馈闭环规格,v0.9.0-doc-sync-batch2,,reference,docs/reference/feedback-loop-spec.md,
03-development/checklists/P4-文档去重清单与执行方案.md,P4-文档去重清单与执行方案.md,14900,2026-07-14T08:28:18.288223,,,,explanation,docs/explanation/P4-文档去重清单与执行方案.md,
03-development/checklists/pending-items-backlog-20260704.md,pending-items-backlog-20260704.md,9753,2026-07-14T08:28:18.289237,,,,explanation,docs/explanation/pending-items-backlog-20260704.md,
03-development/checklists/ui-migration-checklist.md,ui-migration-checklist.md,4822,2026-07-14T08:28:18.289237,,,,explanation,docs/explanation/ui-migration-checklist.md,
03-development/checklists/《V9 架构缺陷与整改行动清单》.md,《V9 架构缺陷与整改行动清单》.md,8921,2026-07-14T08:28:18.289237,V9 架构缺陷与整改行动清单,v1.0.0,,explanation,docs/explanation/《V9 架构缺陷与整改行动清单》.md,
03-development/guides/accessibility/a11y-checklist.md,a11y-checklist.md,5922,2026-07-14T08:28:18.289237,,,,explanation,docs/explanation/a11y-checklist.md,
03-development/guides/accessibility/a11y-i18n.md,a11y-i18n.md,1697,2026-07-13T22:53:54.926385,,,,explanation,docs/explanation/a11y-i18n.md,
03-development/guides/getting-started/00-README.md,00-README.md,14497,2026-07-13T22:53:54.927374,V9 技术实施文档索引,v1.2.0,,reference,docs/reference/00-README.md,../01-requirements/2026-06-24-adopt-v6-core-resource-trading-strategy.md; ../01-requirements/DEPRECATED_ui-module-alignment.md; ../01-requirements/v6pro-to-v9-migration-analysis.md; ../03-development/2026-06-25-v6-migration.md; ../01-requirements/v9-input-cabin-strategy-report.md; ../04-testing/v9-issue-management.md; ../03-development/DEPRECATED_batch2-merge-report.md; ../03-development/2026-06-23-portalshell-dark-kimi-layout.md; ../01-requirements/fourth-industrial-revolution-core-resource-strategy.md; ../01-requirements/rotation-score-spec.md; ../01-requirements/agent-runtime-spec.md; ../03-development/db-migration-v4-to-v6.md; ../architecture/v10-architecture-alignment; ../03-development/DEPRECATED_v9-issue-resolution-schedule.md; ../03-development/factor-tracking-roadmap.md; ../03-development/v6-to-v9-migration-spec.md; ../03-development/2026-06-24-input-cabin-subpages.md; ../01-requirements/2026-06-20-indexeddb-over-localstorage.md; ../03-development/dataflow-engine-spec.md; ../06-project-management/2026-06-21-databridge-over-direct-datalayer.md; ../architecture/architecture-version-comparison; ../03-development/quality-gates-baseline.md; ../05-deployment/2026-06-21-hashrouter-for-static-hosting.md; ../03-development/2026-06-24-pool-screening-signal-persistence-review-engine.md; ../07-archive/DEPRECATED_v9-issue-execution-board.md; ../01-requirements/v9-system-blueprint.md; ../01-requirements/cockpit-news-doc-fix-plan.md
03-development/guides/getting-started/getting-started.md,getting-started.md,12836,2026-07-13T22:53:54.927374,,,,tutorials,docs/tutorials/getting-started.md,
03-development/guides/getting-started/how-to-add-service.md,how-to-add-service.md,11393,2026-07-14T08:28:18.292041,,,,how-to,docs/how-to/how-to-add-service.md,
03-development/guides/getting-started/how-to-add-store.md,how-to-add-store.md,10439,2026-07-14T08:28:18.292547,,,,how-to,docs/how-to/how-to-add-store.md,
03-development/guides/getting-started/how-to-add-widget.md,how-to-add-widget.md,12557,2026-07-14T08:28:18.292547,,,,how-to,docs/how-to/how-to-add-widget.md,
03-development/guides/getting-started/README.md,README.md,10962,2026-07-14T08:28:18.289237,V9 智能投研复盘系统 — 文档中心（主控索引）,,,reference,docs/reference/README.md,
03-development/guides/getting-started/report-generation-architecture-assessment.md,report-generation-architecture-assessment.md,7372,2026-07-13T22:53:54.928879,,,,explanation,docs/explanation/report-generation-architecture-assessment.md,
03-development/guides/getting-started/《V9 目标功能清单》.md,《V9 目标功能清单》.md,4640,2026-07-13T22:53:54.928879,V9 目标功能清单,v1.0.0,,explanation,docs/explanation/《V9 目标功能清单》.md,
03-development/guides/getting-started/文件整理清单.md,文件整理清单.md,17800,2026-07-14T08:28:18.292547,,,,reference,docs/reference/文件整理清单.md,
03-development/guides/getting-started/网页测试检索校对纳入采集方案分析.md,网页测试检索校对纳入采集方案分析.md,9197,2026-07-13T22:53:54.929885,,,,reference,docs/reference/网页测试检索校对纳入采集方案分析.md,
03-development/guides/security/mcp-acl-guide.md,mcp-acl-guide.md,12792,2026-07-13T22:53:54.930890,MCP 权限控制开发指南,,,how-to,docs/how-to/mcp-acl-guide.md,../../src/mcp/core/mcpAclInterceptor.ts; ../../src/mcp/__tests__/mcpAclInterceptor.test.ts; ../../src/mcp/bridge/mcpBridge.ts; ../../src/types/modules/mcp.types.ts; ../../AGENTS.md#十四mcp-权限控制规范v140-新增; ../../src/mcp/core/client.ts; ../../src/config/mcpAclMatrix.ts; ../../src/mcp/core/server.ts
03-development/guides/security/踩坑规则门禁指南.md,踩坑规则门禁指南.md,13297,2026-07-14T08:28:18.292547,,,,reference,docs/reference/踩坑规则门禁指南.md,../scripts/pitfall_check.py; ./09-quality-gates.md; ../.github/workflows/quality-check.yml
03-development/migration/2026-06-20-indexeddb-over-localstorage.md,2026-06-20-indexeddb-over-localstorage.md,1134,2026-07-14T08:28:18.292547,ADR-002: IndexedDB 替代 localStorage,v0.9.0,,reference,docs/reference/2026-06-20-indexeddb-over-localstorage.md,
03-development/migration/2026-06-23-portalshell-dark-kimi-layout.md,2026-06-23-portalshell-dark-kimi-layout.md,1230,2026-07-14T08:28:18.292547,ADR-005: PortalShell 深色 Kimi 经典布局,v0.9.0,,explanation,docs/explanation/2026-06-23-portalshell-dark-kimi-layout.md,
03-development/migration/2026-06-24-adopt-v6-core-resource-trading-strategy.md,2026-06-24-adopt-v6-core-resource-trading-strategy.md,7812,2026-07-14T08:28:18.292547,"ADR-008: 采用 v6-pro-cockpit ""第四次工业革命稀缺核心资源"" 交易策略",v0.9.0,,explanation,docs/explanation/2026-06-24-adopt-v6-core-resource-trading-strategy.md,
03-development/migration/2026-06-24-input-cabin-subpages.md,2026-06-24-input-cabin-subpages.md,1293,2026-07-14T08:28:18.292547,ADR-006: 输入舱拆分为四子页面,v0.9.0,,explanation,docs/explanation/2026-06-24-input-cabin-subpages.md,
03-development/migration/2026-06-24-pool-screening-signal-persistence-review-engine.md,2026-06-24-pool-screening-signal-persistence-review-engine.md,3552,2026-07-14T08:28:18.292547,ADR-007: 补齐筛选引擎、信号持久化与复盘引擎,v0.9.0,,explanation,docs/explanation/2026-06-24-pool-screening-signal-persistence-review-engine.md,
03-development/migration/2026-06-25-v6-migration.md,2026-06-25-v6-migration.md,5884,2026-07-14T08:28:18.295597,ADR-009: V6 Pro JSON 全量导出迁移至 V9 IndexedDB,v0.9.0,,explanation,docs/explanation/2026-06-25-v6-migration.md,
03-development/migration/2026-06-29-data-relationship-blueprint.md,2026-06-29-data-relationship-blueprint.md,21776,2026-07-14T08:28:18.295597,,,,reference,docs/reference/2026-06-29-data-relationship-blueprint.md,
03-development/migration/2026-07-01-v6-architecture-dominance-batch-a.md,2026-07-01-v6-architecture-dominance-batch-a.md,12502,2026-07-14T08:28:18.295597,,,,explanation,docs/explanation/2026-07-01-v6-architecture-dominance-batch-a.md,
03-development/migration/db-migration-v4-to-v6.md,db-migration-v4-to-v6.md,6330,2026-07-13T22:53:54.933917,V6ProDB IndexedDB 升级规范（v4 → v6）,v0.9.0,,explanation,docs/explanation/db-migration-v4-to-v6.md,
03-development/migration/refactor-impact-analysis-2026-06-27.md,refactor-impact-analysis-2026-06-27.md,14151,2026-07-14T08:28:18.295597,,,,explanation,docs/explanation/refactor-impact-analysis-2026-06-27.md,
03-development/migration/rotation-score-spec.md,rotation-score-spec.md,6855,2026-07-13T22:53:54.933917,Rotation Score Service 实现规格,v0.9.0,,reference,docs/reference/rotation-score-spec.md,
03-development/migration/stock-pool-board-migration-proposal.md,stock-pool-board-migration-proposal.md,12967,2026-07-14T08:28:18.295597,,,,explanation,docs/explanation/stock-pool-board-migration-proposal.md,
03-development/migration/v6-to-v9-migration-spec.md,v6-to-v9-migration-spec.md,23755,2026-07-13T22:53:54.934924,V6 Pro → V9 JSON 数据迁移规范（中间文档）,v0.9.0,,reference,docs/reference/v6-to-v9-migration-spec.md,
03-development/migration/v6pro-to-v9-migration-analysis.md,v6pro-to-v9-migration-analysis.md,28795,2026-07-13T22:53:54.935432,V6 Pro → V9 源码比对与二次开发重点模块梳理,v0.9.0,,explanation,docs/explanation/v6pro-to-v9-migration-analysis.md,
03-development/plugins/ifind.md,ifind.md,2795,2026-07-14T08:28:18.295597,,,,reference,docs/reference/ifind.md,../../plugins/ifind/skills/ifind/SKILL.md; ../../plugins/ifind/SKILL.md
03-development/plugins/imf.md,imf.md,2819,2026-07-14T08:28:18.295597,,,,reference,docs/reference/imf.md,../../plugins/imf/skills/imf/SKILL.md; ../../plugins/imf/SKILL.md
03-development/plugins/index.md,index.md,6686,2026-07-13T22:53:54.937742,,,,reference,docs/reference/index.md,../../plugins/imf/skills/imf/SKILL.md; ../../plugins/tianyancha/skills/tianyancha/SKILL.md; ../../plugins/ifind/skills/ifind/SKILL.md; ../../plugins/yahoo_finance/skills/yahoo_finance/SKILL.md; ../../plugins/scholar/skills/scholar/SKILL.md; ../../plugins/kimi-webbridge/SKILL.md; ../../plugins/tianyancha/SKILL.md; ../../plugins/sec_edgar/skills/sec_edgar/SKILL.md; ../../plugins/yuandian_law/skills/yuandian_law/SKILL.md; ../../plugins/imf/SKILL.md; ../../plugins/scholar/SKILL.md; ../../plugins/world_bank_open_data/skills/world_bank_open_data/SKILL.md; ../../plugins/yahoo_finance/SKILL.md; ../../plugins/ifind/scripts/ifind_tool.py; ../../plugins/sec_edgar/SKILL.md; ../../plugins/ifind/SKILL.md; ../../plugins/yuandian_law/SKILL.md; ../../plugins/kimi-webbridge/skills/kimi-webbridge/SKILL.md; ../../plugins/world_bank_open_data/SKILL.md
03-development/plugins/kimi-webbridge.md,kimi-webbridge.md,8451,2026-07-13T22:53:54.938247,,,,explanation,docs/explanation/kimi-webbridge.md,../../plugins/kimi-webbridge/SKILL.md; ../../plugins/kimi-webbridge/skills/kimi-webbridge/SKILL.md
03-development/plugins/scholar.md,scholar.md,3048,2026-07-14T08:28:18.295597,,,,reference,docs/reference/scholar.md,../../plugins/scholar/skills/scholar/SKILL.md; ../../plugins/scholar/SKILL.md
03-development/plugins/sec_edgar.md,sec_edgar.md,2851,2026-07-14T08:28:18.297655,,,,reference,docs/reference/sec_edgar.md,../../plugins/sec_edgar/SKILL.md; ../../plugins/sec_edgar/skills/sec_edgar/SKILL.md
03-development/plugins/tianyancha.md,tianyancha.md,2656,2026-07-14T08:28:18.297655,,,,reference,docs/reference/tianyancha.md,../../plugins/tianyancha/skills/tianyancha/SKILL.md; ../../plugins/tianyancha/SKILL.md
03-development/plugins/world_bank_open_data.md,world_bank_open_data.md,3095,2026-07-14T08:28:18.297655,,,,reference,docs/reference/world_bank_open_data.md,../../plugins/world_bank_open_data/skills/world_bank_open_data/SKILL.md; ../../plugins/world_bank_open_data/SKILL.md
03-development/plugins/yahoo_finance.md,yahoo_finance.md,2863,2026-07-14T08:28:18.297655,,,,reference,docs/reference/yahoo_finance.md,../../plugins/yahoo_finance/SKILL.md; ../../plugins/yahoo_finance/skills/yahoo_finance/SKILL.md
03-development/plugins/yuandian_law.md,yuandian_law.md,3299,2026-07-14T08:28:18.297655,,,,reference,docs/reference/yuandian_law.md,../../plugins/yuandian_law/skills/yuandian_law/SKILL.md; ../../plugins/yuandian_law/SKILL.md
04-testing/2026-07-04-ui-testing-optimization.md,2026-07-04-ui-testing-optimization.md,39678,2026-07-14T08:28:18.299161,,,,reference,docs/reference/2026-07-04-ui-testing-optimization.md,
04-testing/automation-test-evaluation.md,automation-test-evaluation.md,10250,2026-07-13T22:53:54.942262,,,,explanation,docs/explanation/automation-test-evaluation.md,
04-testing/automation-test-plan.md,automation-test-plan.md,7961,2026-07-13T22:53:54.942262,,,,reference,docs/reference/automation-test-plan.md,../04-testing/automation-test-evaluation
04-testing/testing-strategy.md,testing-strategy.md,17551,2026-07-13T22:53:54.951607,,,,reference,docs/reference/testing-strategy.md,../testing/test-catalog.md
04-testing/gates/production-release-checklist-SKILL.md,production-release-checklist-SKILL.md,14775,2026-07-13T22:53:54.942262,,,,explanation,docs/explanation/production-release-checklist-SKILL.md,
04-testing/gates/rollback-drill-report.md,rollback-drill-report.md,10941,2026-07-13T22:53:54.943252,,,,explanation,docs/explanation/rollback-drill-report.md,
04-testing/gates/v9-issue-management.md,v9-issue-management.md,8532,2026-07-14T08:28:18.299161,V9 问题整改管理与调度记录,v1.0.0,,explanation,docs/explanation/v9-issue-management.md,
04-testing/gates/V9-体系化上线测试-TODO-LIST.md,V9-体系化上线测试-TODO-LIST.md,17735,2026-07-13T23:03:05.320765,,,,explanation,docs/explanation/V9-体系化上线测试-TODO-LIST.md,
04-testing/reports/2026-07-05-exception-handling-test-report.md,2026-07-05-exception-handling-test-report.md,14754,2026-07-13T22:53:54.944572,,,,explanation,docs/explanation/2026-07-05-exception-handling-test-report.md,
04-testing/reports/a11y-contrast-report.md,a11y-contrast-report.md,9150,2026-07-13T22:53:54.944572,,,,explanation,docs/explanation/a11y-contrast-report.md,
04-testing/reports/B批次组件集成测试报告_B6_2026-07-08.md,B批次组件集成测试报告_B6_2026-07-08.md,4793,2026-07-14T08:28:18.299161,,,,explanation,docs/explanation/B批次组件集成测试报告_B6_2026-07-08.md,
04-testing/reports/B批次高价值孤儿集成状态报告_2026-07-08.md,B批次高价值孤儿集成状态报告_2026-07-08.md,6568,2026-07-14T08:28:18.299161,,,,explanation,docs/explanation/B批次高价值孤儿集成状态报告_2026-07-08.md,
04-testing/reports/complexity-remediation-plan.md,complexity-remediation-plan.md,16830,2026-07-13T22:53:54.945578,剩余复杂度整改任务清单与计划（2026-07-12）,,,explanation,docs/explanation/complexity-remediation-plan.md,
04-testing/reports/databridge-split-plan.md,databridge-split-plan.md,7445,2026-07-13T22:53:54.945578,,,,reference,docs/reference/databridge-split-plan.md,../../src/core/databridge.ts; ../../src/core/databridgeStrategyRouter.ts; ../../src/core/databridgeHandlers.ts
04-testing/reports/nested-code-review-report.md,nested-code-review-report.md,26244,2026-07-14T08:28:18.299161,,,,explanation,docs/explanation/nested-code-review-report.md,
04-testing/reports/optimization-plan.md,optimization-plan.md,38601,2026-07-14T08:28:18.299161,,,,explanation,docs/explanation/optimization-plan.md,
04-testing/reports/penetration-test-report.md,penetration-test-report.md,5318,2026-07-13T22:53:54.946578,,,,explanation,docs/explanation/penetration-test-report.md,
04-testing/reports/regression-test-report.md,regression-test-report.md,5741,2026-07-13T22:53:54.946578,,,,explanation,docs/explanation/regression-test-report.md,
04-testing/reports/v9-code-quality-audit-report-20260629.md,v9-code-quality-audit-report-20260629.md,37135,2026-07-14T08:28:18.299161,V9 代码质量校对分析报告,v2.3.0,,explanation,docs/explanation/v9-code-quality-audit-report-20260629.md,./completeness-profile.md; ../03-development/audit-b4-4-security.md; ../audit/audit-summary-report; ../02-design/audit-b4-3-performance.md; ../02-design/v9-strategy-architecture.md; ./audit-b4-1-code-quality.md; ../audit/dynamic_analysis_report.json; ../03-development/audit-b4-2-test-quality.md
04-testing/reports/v9-code-quality-audit-report-20260713.md,v9-code-quality-audit-report-20260713.md,6938,2026-07-13T22:53:54.948084,V9 代码质量校对分析报告（2026-07-13 更新）,v3.0.0,,explanation,docs/explanation/v9-code-quality-audit-report-20260713.md,
04-testing/reports/vulnerability-scan-report.md,vulnerability-scan-report.md,7548,2026-07-13T22:53:54.949091,,,,explanation,docs/explanation/vulnerability-scan-report.md,
04-testing/test-cases/completeness-profile-batch2.md,completeness-profile-batch2.md,7374,2026-07-14T08:28:18.299161,V9 模块完成度剖面图 — 批次 B（输入舱）,v1.0.0,,explanation,docs/explanation/completeness-profile-batch2.md,
04-testing/test-cases/completeness-profile-batch3.md,completeness-profile-batch3.md,9622,2026-07-13T22:53:54.949091,V9 模块完成度剖面图 — 批次 C（分析舱）,v1.0.0,,explanation,docs/explanation/completeness-profile-batch3.md,
04-testing/test-cases/feature-entry-list.md,feature-entry-list.md,6694,2026-07-14T08:28:18.299161,V9 功能入口清单（阶段二）,v1.0.0,,explanation,docs/explanation/feature-entry-list.md,
04-testing/test-cases/regression-suite.md,regression-suite.md,1410,2026-07-13T22:53:54.950090,,,,explanation,docs/explanation/regression-suite.md,../../AGENTS.md
04-testing/test-cases/test-catalog.md,test-catalog.md,24474,2026-07-14T08:28:18.299161,V9 测试目录与策略,v1.0.0,,reference,docs/reference/test-catalog.md,../../AGENTS.md; ../04-testing/testing-strategy.md; ../ops/runbook.md; ../standards/coding-conventions.md
04-testing/test-cases/test-expansion-design.md,test-expansion-design.md,24857,2026-07-13T22:53:54.950598,,,,explanation,docs/explanation/test-expansion-design.md,
04-testing/test-cases/V9-TEST-CASES.md,V9-TEST-CASES.md,29012,2026-07-13T22:53:54.950598,,,,reference,docs/reference/V9-TEST-CASES.md,
05-deployment/PR_DESCRIPTION.md,PR_DESCRIPTION.md,10119,2026-07-14T08:28:18.299161,,,,reference,docs/reference/PR_DESCRIPTION.md,./AGENTS.md
05-deployment/RELEASE_NOTES.md,RELEASE_NOTES.md,5836,2026-07-14T08:28:18.299161,,,,reference,docs/reference/RELEASE_NOTES.md,
05-deployment/ops/deployment.md,deployment.md,18841,2026-07-13T22:53:54.951607,V9 部署运维基线,,,reference,docs/reference/deployment.md,../architecture/overview.md; ../02-design/06-routing-specs.md; ../GOVERNANCE.md; ../02-design/05-engine-specs.md; ../../AGENTS.md
05-deployment/ops/pwa-offline-guide.md,pwa-offline-guide.md,6582,2026-07-14T08:28:18.302633,V9 PWA 离线化实施指南,v0.9.0-doc-sync-batch2,,how-to,docs/how-to/pwa-offline-guide.md,
05-deployment/ops/runbook.md,runbook.md,2100,2026-07-13T22:53:54.953114,,,,explanation,docs/explanation/runbook.md,
assets/articles/01-tutorial-audit-workflow.md,01-tutorial-audit-workflow.md,8887,2026-07-13T22:53:54.956252,,,,tutorials,docs/assets/articles/01-tutorial-audit-workflow.md,
assets/articles/02-experience-five-pitfalls.md,02-experience-five-pitfalls.md,6179,2026-07-13T22:53:54.956252,,,,explanation,docs/assets/articles/02-experience-five-pitfalls.md,
assets/articles/publish-ready.md,publish-ready.md,3953,2026-07-13T22:53:54.956252,,,,explanation,docs/assets/articles/publish-ready.md,
drafts/README.md,README.md,263,2026-07-14T00:15:34.894862,,,,explanation,docs/drafts/README.md,
prompts/agent-runtime-spec.md,agent-runtime-spec.md,4867,2026-07-13T22:53:54.957429,Agent Runtime 实现规格,v0.9.0,,reference,docs/prompts/agent-runtime-spec.md,
prompts/autonomous-workflow-optimization.md,autonomous-workflow-optimization.md,13769,2026-07-14T08:28:18.303152,,,,reference,docs/prompts/autonomous-workflow-optimization.md,../../AGENTS.md; ../../CHANGELOG.md; ./implementation-governance.md
prompts/autonomous-workflow-user-guide.md,autonomous-workflow-user-guide.md,10011,2026-07-13T22:53:54.958431,,,,how-to,docs/prompts/autonomous-workflow-user-guide.md,../../AGENTS.md; ../02-design/standards/implementation-governance.md; ../02-design/standards/quality-gates/09-quality-gates.md
prompts/README.md,README.md,16551,2026-07-13T22:53:54.958431,,,,reference,docs/prompts/README.md,
prompts/service-integration-guide.md,service-integration-guide.md,23400,2026-07-14T08:28:18.303797,Service 集成开发指南,,,how-to,docs/prompts/service-integration-guide.md,../architecture/services-catalog.md; ../architecture/overview.md; ../standards/coding-conventions.md; ../guides/how-to-add-store.md; ../../AGENTS.md; ../guides/how-to-add-service.md
prompts/store-integration-guide.md,store-integration-guide.md,22904,2026-07-13T22:53:54.959604,Store 集成开发指南,,,how-to,docs/prompts/store-integration-guide.md,
reports/doc-governance-audit-report-2026-07-13.md,doc-governance-audit-report-2026-07-13.md,10969,2026-07-13T23:52:26.362630,,,,explanation,docs/reports/doc-governance-audit-report-2026-07-13.md,
reports/e2e-verify-25stocks-plan.md,e2e-verify-25stocks-plan.md,9498,2026-07-14T08:29:05.345607,,,,reference,docs/reports/e2e-verify-25stocks-plan.md,
reports/audit/AGENT_AUDIT_REPORT.md,AGENT_AUDIT_REPORT.md,27778,2026-07-13T22:53:54.959604,V9 智能体（Agent/LLM/AI）全面检视报告,v1.0.0,,explanation,docs/reports/audit/AGENT_AUDIT_REPORT.md,
reports/audit/audit-summary-report.md,audit-summary-report.md,7107,2026-07-13T22:53:54.959604,V9 智能投研复盘系统 — 质量审计总结报告,v1.0.0,,explanation,docs/reports/audit/audit-summary-report.md,
reports/audit/cockpit_widget_40错误核查-分析判断.md,cockpit_widget_40错误核查-分析判断.md,3348,2026-07-13T22:53:54.960842,,,,explanation,docs/reports/audit/cockpit_widget_40错误核查-分析判断.md,
reports/audit/cockpit_整体设计一致性审查.md,cockpit_整体设计一致性审查.md,6130,2026-07-13T22:53:54.960842,,,,explanation,docs/reports/audit/cockpit_整体设计一致性审查.md,
reports/audit/code-quality-audit-report.md,code-quality-audit-report.md,13845,2026-07-13T22:53:54.961843,代码质量审查报告,,,explanation,docs/reports/audit/code-quality-audit-report.md,./code-quality-rubric.md
reports/audit/code-quality-rubric.md,code-quality-rubric.md,3742,2026-07-13T22:53:54.961843,代码质量量化考核标准（v1.0）,,,explanation,docs/reports/audit/code-quality-rubric.md,
reports/audit/CODE-REVIEW-CHEATSHEET.md,CODE-REVIEW-CHEATSHEET.md,6034,2026-07-13T22:53:54.962730,,,,reference,docs/reports/audit/CODE-REVIEW-CHEATSHEET.md,
reports/audit/CODE-REVIEW-TRAINING.md,CODE-REVIEW-TRAINING.md,31320,2026-07-13T22:53:54.962730,,,,reference,docs/reports/audit/CODE-REVIEW-TRAINING.md,
reports/audit/color-remediation-summary-report-20260703.md,color-remediation-summary-report-20260703.md,17199,2026-07-13T22:53:54.963240,,,,explanation,docs/reports/audit/color-remediation-summary-report-20260703.md,../../src/pages/analysis/BacktestPage.tsx; ../../src/cockpit/widgets/MarketSentimentWidget.tsx; ../../tests/color-remediation.widgets.test.tsx; ./color-remediation-plan.md; ./color-management-contract.md; ../../tests/mockData.colors.test.ts; ../../tests/BacktestPage.colors.test.tsx; ../../src/apps/input/prototype/mockData.ts; ../../AGENTS.md; ../../src/cockpit/widgets/SignalMonitorWidget.tsx; ../../src/cockpit/widgets/FundFlowWidget.tsx
reports/audit/debug-output-cabin-not-rendering.md,debug-output-cabin-not-rendering.md,8200,2026-07-13T22:53:54.963240,Debug Session: output-cabin-not-rendering,,,explanation,docs/reports/audit/debug-output-cabin-not-rendering.md,
reports/audit/FILE-MANAGEMENT-GUIDE-test-report.md,FILE-MANAGEMENT-GUIDE-test-report.md,13707,2026-07-13T22:53:54.963240,,,,how-to,docs/reports/audit/FILE-MANAGEMENT-GUIDE-test-report.md,
reports/audit/file-system-diagnosis-report-2026-07-20.md,file-system-diagnosis-report-2026-07-20.md,17647,2026-07-13T22:53:54.964761,V9 项目文件系统全局诊断报告,,diagnosis,explanation,docs/reports/audit/file-system-diagnosis-report-2026-07-20.md,
reports/audit/mcp-server-governance-retrospective.md,mcp-server-governance-retrospective.md,16431,2026-07-13T22:53:54.964761,MCP Server 治理复盘深度报告,,,reference,docs/reports/audit/mcp-server-governance-retrospective.md,
reports/audit/output-cabin-remediation-report.md,output-cabin-remediation-report.md,15149,2026-07-13T22:53:54.964761,输出舱模块未显示问题 — 整改报告,,,explanation,docs/reports/audit/output-cabin-remediation-report.md,./output-cabin-troubleshooting-report.md
reports/audit/quality-audit-plan.md,quality-audit-plan.md,11777,2026-07-13T22:53:54.964761,V9 模块完成度逆向校验 — 执行计划,v1.1.0,,explanation,docs/reports/audit/quality-audit-plan.md,
reports/audit/SOLO-REVIEW.md,SOLO-REVIEW.md,21474,2026-07-13T22:53:54.966053,,,,reference,docs/reports/audit/SOLO-REVIEW.md,
reports/audit/TypeScript错误处理和类型安全检测报告.md,TypeScript错误处理和类型安全检测报告.md,9134,2026-07-13T22:53:54.966053,,,,reference,docs/reports/audit/TypeScript错误处理和类型安全检测报告.md,
reports/audit/untracked-files-remediation-report.md,untracked-files-remediation-report.md,9928,2026-07-13T22:53:54.967249,工作区未跟踪文件整改报告,,,explanation,docs/reports/audit/untracked-files-remediation-report.md,
reports/audit/v6-v9-ui-component-comparison-report.md,v6-v9-ui-component-comparison-report.md,9458,2026-07-13T22:53:54.967249,V6-V9 UI 组件库比对分析报告,,,explanation,docs/reports/audit/v6-v9-ui-component-comparison-report.md,
reports/audit/V9 架构缺陷与整改行动清单.md,V9 架构缺陷与整改行动清单.md,10765,2026-07-13T22:53:54.967249,V9 架构缺陷与整改行动清单,v1.1.0,,explanation,docs/reports/audit/V9 架构缺陷与整改行动清单.md,
reports/audit/v9-code-quality-kanban-20260629.md,v9-code-quality-kanban-20260629.md,22426,2026-07-13T22:53:54.968351,V9 代码质量校对分析 — 过程透明看板,v1.2.0,,reference,docs/reports/audit/v9-code-quality-kanban-20260629.md,../01-requirements/03-architecture-standards.md; ../../CHANGELOG.md; ../01-requirements/completeness-profile.md; ../01-requirements/v9-code-quality-audit-report-20260629.md
reports/audit/v9-documentation-audit-report.md,v9-documentation-audit-report.md,23444,2026-07-13T22:53:54.968351,V9 文档体系化审计与补全建议书,v0.9.0,,explanation,docs/reports/audit/v9-documentation-audit-report.md,
reports/audit/v9-ui-component-feasibility-assessment.md,v9-ui-component-feasibility-assessment.md,16377,2026-07-13T22:53:54.968351,V9 UI 组件增加可行性评估报告,,,explanation,docs/reports/audit/v9-ui-component-feasibility-assessment.md,../02-design/ui-design-system.md; ./v6-v9-ui-component-comparison-report.md
reports/audit/代码清理待确认清单与信息孤岛整合建议.md,代码清理待确认清单与信息孤岛整合建议.md,7938,2026-07-13T22:53:54.968351,,,,explanation,docs/reports/audit/代码清理待确认清单与信息孤岛整合建议.md,
reports/audit/代码质量合规审查报告_2026-07-08.md,代码质量合规审查报告_2026-07-08.md,8599,2026-07-13T22:53:54.969648,,,,reference,docs/reports/audit/代码质量合规审查报告_2026-07-08.md,
reports/audit/代码质量整改与回归测试报告_2026-07-08.md,代码质量整改与回归测试报告_2026-07-08.md,7346,2026-07-13T22:53:54.969648,,,,reference,docs/reports/audit/代码质量整改与回归测试报告_2026-07-08.md,
reports/audit/文档-代码双向一致性检测报告_2026-07-08.md,文档-代码双向一致性检测报告_2026-07-08.md,6382,2026-07-13T22:53:54.970146,,,,explanation,docs/reports/audit/文档-代码双向一致性检测报告_2026-07-08.md,
reports/audit/模块补全验收报告.md,模块补全验收报告.md,5789,2026-07-13T22:53:54.970146,,,,explanation,docs/reports/audit/模块补全验收报告.md,
reports/audit/比对分析报告检索与比对报告.md,比对分析报告检索与比对报告.md,7309,2026-07-13T22:53:54.970146,,,,explanation,docs/reports/audit/比对分析报告检索与比对报告.md,
reports/changelogs/2026-07-05-audit-false-positive-analysis.md,2026-07-05-audit-false-positive-analysis.md,6775,2026-07-13T22:53:54.970146,,,,explanation,docs/reports/changelogs/2026-07-05-audit-false-positive-analysis.md,
reports/changelogs/2026-07-05-color-refactor-p1.md,2026-07-05-color-refactor-p1.md,4454,2026-07-13T22:53:54.971381,,,,explanation,docs/reports/changelogs/2026-07-05-color-refactor-p1.md,
reports/changelogs/2026-07-05-color-refactor-p2.md,2026-07-05-color-refactor-p2.md,5864,2026-07-13T22:53:54.971381,,,,explanation,docs/reports/changelogs/2026-07-05-color-refactor-p2.md,
reports/changelogs/2026-07-05-color-token-refactor.md,2026-07-05-color-token-refactor.md,5926,2026-07-13T22:53:54.971381,,,,explanation,docs/reports/changelogs/2026-07-05-color-token-refactor.md,
reports/changelogs/2026-07-05-comprehensive-audit-and-remediation.md,2026-07-05-comprehensive-audit-and-remediation.md,8824,2026-07-13T22:53:54.972393,,,,reference,docs/reports/changelogs/2026-07-05-comprehensive-audit-and-remediation.md,
reports/changelogs/2026-07-05-databridge-query-implementation.md,2026-07-05-databridge-query-implementation.md,8683,2026-07-13T22:53:54.972393,,,,reference,docs/reports/changelogs/2026-07-05-databridge-query-implementation.md,
reports/changelogs/2026-07-05-module-registry-and-integration.md,2026-07-05-module-registry-and-integration.md,6320,2026-07-13T22:53:54.972393,,,,explanation,docs/reports/changelogs/2026-07-05-module-registry-and-integration.md,
reports/changelogs/2026-07-05-p0-5-and-legacy-bugs-jira-tickets.md,2026-07-05-p0-5-and-legacy-bugs-jira-tickets.md,15263,2026-07-13T22:53:54.973392,,,,explanation,docs/reports/changelogs/2026-07-05-p0-5-and-legacy-bugs-jira-tickets.md,
reports/changelogs/2026-07-05-p2-completion-and-backlog.md,2026-07-05-p2-completion-and-backlog.md,8473,2026-07-13T22:53:54.973392,,,,reference,docs/reports/changelogs/2026-07-05-p2-completion-and-backlog.md,
reports/changelogs/2026-07-05-post-dev-review-actions.md,2026-07-05-post-dev-review-actions.md,4510,2026-07-13T22:53:54.973392,,,,explanation,docs/reports/changelogs/2026-07-05-post-dev-review-actions.md,
reports/changelogs/2026-07-05-post-dev-review.md,2026-07-05-post-dev-review.md,5817,2026-07-13T22:53:54.973392,,,,explanation,docs/reports/changelogs/2026-07-05-post-dev-review.md,
reports/changelogs/2026-07-05-systematic-doc-update.md,2026-07-05-systematic-doc-update.md,9590,2026-07-13T22:53:54.974951,系统性文档更新与交叉验证报告,v1.0.0,,explanation,docs/reports/changelogs/2026-07-05-systematic-doc-update.md,
reports/changelogs/2026-07-05-ui-testing-optimization.md,2026-07-05-ui-testing-optimization.md,8999,2026-07-13T22:53:54.974951,,,,explanation,docs/reports/changelogs/2026-07-05-ui-testing-optimization.md,
reports/changelogs/action-list-p1.md,action-list-p1.md,3102,2026-07-13T22:53:54.974951,,,,explanation,docs/reports/changelogs/action-list-p1.md,
reports/changelogs/CHANGELOG.md,CHANGELOG.md,40810,2026-07-13T22:53:54.975958,,,,reference,docs/reports/changelogs/CHANGELOG.md,
reports/changelogs/completeness-profile-p1.md,completeness-profile-p1.md,1530,2026-07-13T22:53:54.975958,,,,explanation,docs/reports/changelogs/completeness-profile-p1.md,
reports/changelogs/pr-5-build-optimization-summary.md,pr-5-build-optimization-summary.md,1966,2026-07-13T22:53:54.976960,,,,explanation,docs/reports/changelogs/pr-5-build-optimization-summary.md,
reports/changelogs/pr-7-trade-error-classifier-split-plan.md,pr-7-trade-error-classifier-split-plan.md,43608,2026-07-13T22:53:54.977958,,,,reference,docs/reports/changelogs/pr-7-trade-error-classifier-split-plan.md,./databridge-split-completion-archive.md; ../../../AGENTS.md; ./db-split-completion-archive.md; ./pr-6-module-split-plan.md
reports/changelogs/pr-8-dedup-audit-report.md,pr-8-dedup-audit-report.md,22331,2026-07-13T22:53:54.978466,,,,explanation,docs/reports/changelogs/pr-8-dedup-audit-report.md,./boundary-sync-001.md; ../../../scripts/audit-split-quality.ts; ../../reports/audit/audit-split-quality-optimized.json; ../../01-requirements/03-architecture-standards.md
reports/changelogs/pr-8-dedup-plan.md,pr-8-dedup-plan.md,11755,2026-07-13T22:53:54.978466,,,,explanation,docs/reports/changelogs/pr-8-dedup-plan.md,./pr-8-dedup-audit-report.md; ./boundary-sync-001.md; ../../01-requirements/03-architecture-standards.md
reports/changelogs/test-cache-fix-summary.md,test-cache-fix-summary.md,5817,2026-07-13T22:53:54.978466,,,,explanation,docs/reports/changelogs/test-cache-fix-summary.md,
reports/changelogs/变更摘要-2026-06-28-Phase0-数据层改造.md,变更摘要-2026-06-28-Phase0-数据层改造.md,0,2026-07-13T22:53:54.979469,,,,explanation,docs/reports/changelogs/变更摘要-2026-06-28-Phase0-数据层改造.md,
reports/release-management/buildscoredocdiff-rollback-plan.md,buildscoredocdiff-rollback-plan.md,14697,2026-07-13T22:53:54.979469,,,,reference,docs/reports/release-management/buildscoredocdiff-rollback-plan.md,../../src/components/organisms/analysis/score/ScoreHistoryPanel.tsx; ../../tests/__tests__/integration/walkthroughScoreDoc.sampled.test.ts; ../../src/services/analysis/scoreDocService.ts
reports/release-management/README.md,README.md,1580,2026-07-13T22:53:54.979469,,,,explanation,docs/reports/release-management/README.md,
reports/release-management/发布计划与评审_R01.md,发布计划与评审_R01.md,12401,2026-07-13T22:53:54.980472,,,,reference,docs/reports/release-management/发布计划与评审_R01.md,
reports/release-management/回滚方案与演练_R03.md,回滚方案与演练_R03.md,5371,2026-07-13T22:53:54.980472,,,,explanation,docs/reports/release-management/回滚方案与演练_R03.md,
reports/release-management/迁移风险复盘与应对策略文档.md,迁移风险复盘与应对策略文档.md,13407,2026-07-13T22:53:54.980472,,,,reference,docs/reports/release-management/迁移风险复盘与应对策略文档.md,
reports/retrospectives/batch-merge-reports.md,batch-merge-reports.md,6028,2026-07-13T22:53:54.981471,V9 阶段性合并报告（Batch 1-3 汇总）,v1.0.0,,explanation,docs/reports/retrospectives/batch-merge-reports.md,
reports/retrospectives/data-collection-task-list.md,data-collection-task-list.md,12869,2026-07-13T22:53:54.981471,,,,reference,docs/reports/retrospectives/data-collection-task-list.md,
reports/retrospectives/data_link_sequence_diagram.md,data_link_sequence_diagram.md,4,2026-07-13T22:53:54.982469,,,,explanation,docs/reports/retrospectives/data_link_sequence_diagram.md,
reports/retrospectives/doc-cross-check-report.md,doc-cross-check-report.md,25015,2026-07-13T22:53:54.983467,,,,explanation,docs/reports/retrospectives/doc-cross-check-report.md,
reports/retrospectives/doc-sync-execution-plan.md,doc-sync-execution-plan.md,12787,2026-07-13T22:53:54.983467,代码-文档同步整体方案与执行计划,v0.9.1,,reference,docs/reports/retrospectives/doc-sync-execution-plan.md,
reports/retrospectives/doc-update-report-20260701.md,doc-update-report-20260701.md,7707,2026-07-13T22:53:54.983467,,,,explanation,docs/reports/retrospectives/doc-update-report-20260701.md,
reports/retrospectives/freshness-alerts.md,freshness-alerts.md,2163,2026-07-13T22:53:54.983467,V9 实施文档保鲜度告警清单,v1.0.0,,explanation,docs/reports/retrospectives/freshness-alerts.md,
reports/retrospectives/health-report.md,health-report.md,6113,2026-07-13T22:53:54.984761,V9 实施文档健康度报告,v1.0.0,,explanation,docs/reports/retrospectives/health-report.md,
reports/retrospectives/lessons-learned-summary.md,lessons-learned-summary.md,9056,2026-07-13T22:53:54.984761,,,,explanation,docs/reports/retrospectives/lessons-learned-summary.md,./lessons-learned.md
reports/retrospectives/lessons-learned.md,lessons-learned.md,42221,2026-07-13T22:53:54.985269,,,,reference,docs/reports/retrospectives/lessons-learned.md,
reports/retrospectives/mcp-disabled-server-deep-dive.md,mcp-disabled-server-deep-dive.md,33546,2026-07-13T22:53:54.985269,,,,reference,docs/reports/retrospectives/mcp-disabled-server-deep-dive.md,
reports/retrospectives/mcp-module-status.md,mcp-module-status.md,5990,2026-07-13T22:53:54.985269,,,,reference,docs/reports/retrospectives/mcp-module-status.md,
reports/retrospectives/mcp-zombie-server-audit-report.md,mcp-zombie-server-audit-report.md,9049,2026-07-13T22:53:54.986277,,,,explanation,docs/reports/retrospectives/mcp-zombie-server-audit-report.md,
reports/retrospectives/optimization-summary-report.md,optimization-summary-report.md,8703,2026-07-13T22:53:54.986277,,,,explanation,docs/reports/retrospectives/optimization-summary-report.md,
reports/retrospectives/pending-tasks-inventory-20260701.md,pending-tasks-inventory-20260701.md,10979,2026-07-13T22:53:54.988538,,,,explanation,docs/reports/retrospectives/pending-tasks-inventory-20260701.md,
reports/retrospectives/timeline-report.md,timeline-report.md,5191,2026-07-13T22:53:54.988538,V9 实施文档时间轴报告,v1.0.0,,explanation,docs/reports/retrospectives/timeline-report.md,
reports/retrospectives/v9-acceptance-report.md,v9-acceptance-report.md,6287,2026-07-13T22:53:54.988538,V9 双策略一致性收敛 — 验收报告,v1.0.0,,explanation,docs/reports/retrospectives/v9-acceptance-report.md,
reports/retrospectives/v9-current-state-review.md,v9-current-state-review.md,21015,2026-07-13T22:53:54.989626,V9 智能投研复盘系统 — 当前状态全面梳理（按实施进度）,v0.9.0,,reference,docs/reports/retrospectives/v9-current-state-review.md,
reports/retrospectives/v9-data-blueprint-task-tracking.md,v9-data-blueprint-task-tracking.md,12948,2026-07-13T22:53:54.990049,V9 数据关系蓝图任务跟踪计划,v1.3.0,,reference,docs/reports/retrospectives/v9-data-blueprint-task-tracking.md,
reports/retrospectives/v9-interaction-flows-review.md,v9-interaction-flows-review.md,4250,2026-07-13T22:53:54.990049,,,,explanation,docs/reports/retrospectives/v9-interaction-flows-review.md,
reports/retrospectives/v9-p0-remediation-plan.md,v9-p0-remediation-plan.md,34274,2026-07-13T22:53:54.990049,,,,reference,docs/reports/retrospectives/v9-p0-remediation-plan.md,./audit-summary-report.md
reports/retrospectives/v9-post-dev-review.md,v9-post-dev-review.md,11373,2026-07-13T22:53:54.991096,,,,reference,docs/reports/retrospectives/v9-post-dev-review.md,
reports/retrospectives/v9-rectification-tasks-v15-v16.md,v9-rectification-tasks-v15-v16.md,5942,2026-07-13T22:53:54.991096,,,,explanation,docs/reports/retrospectives/v9-rectification-tasks-v15-v16.md,
reports/retrospectives/v9-remediation-plan.md,v9-remediation-plan.md,8998,2026-07-13T22:53:54.991096,V9 问题修复排期报告,v1.0.0,,explanation,docs/reports/retrospectives/v9-remediation-plan.md,
reports/retrospectives/walkthrough-scoredoc-report.md,walkthrough-scoredoc-report.md,29823,2026-07-13T22:53:54.991096,,,,how-to,docs/reports/retrospectives/walkthrough-scoredoc-report.md,../../src/components/organisms/analysis/score/ScoreHistoryPanel.tsx; ../../tests/__tests__/integration/walkthroughScoreDoc.sampled.test.ts; ../../src/services/analysis/scoreDocService.ts
reports/retrospectives/weekly-check-2026-06-30.md,weekly-check-2026-06-30.md,6660,2026-07-13T22:53:54.992364,,,,reference,docs/reports/retrospectives/weekly-check-2026-06-30.md,
reports/retrospectives/WEEKLY-TASKS-2026-07-05.md,WEEKLY-TASKS-2026-07-05.md,7524,2026-07-13T22:53:54.992364,,,,explanation,docs/reports/retrospectives/WEEKLY-TASKS-2026-07-05.md,
reports/retrospectives/《DataBridge改进建议整改实施计划》.md,《DataBridge改进建议整改实施计划》.md,7876,2026-07-13T22:53:54.992364,DataBridge 改进建议整改实施计划,v1.0.0,,explanation,docs/reports/retrospectives/《DataBridge改进建议整改实施计划》.md,
reports/retrospectives/《DataBridge改进建议整改报告》.md,《DataBridge改进建议整改报告》.md,9487,2026-07-13T22:53:54.993365,DataBridge 改进建议整改报告,v1.0.0,,explanation,docs/reports/retrospectives/《DataBridge改进建议整改报告》.md,../src/core/databridgeHandlers.ts; ./《DataBridge改进建议整改报告》.md; ../01-requirements/《DataBridge改进建议整改实施计划》.md; ../src/core/pipelineScheduler.ts; ../src/config/dbConfig.ts; ../src/core/databridge.ts
reports/retrospectives/《DataBridge数据链路全景分析报告》.md,《DataBridge数据链路全景分析报告》.md,32100,2026-07-13T22:53:54.993885,DataBridge 数据链路全景分析报告,v1.0.0,,reference,docs/reports/retrospectives/《DataBridge数据链路全景分析报告》.md,../src/services/trading/tradingService.ts; ../src/services/trading/riskEngine.ts; ../src/services/trading/signalGenerator.ts; ../src/core/fallbackQueue.ts; ../src/services/scoring/rotationSignalDetector.ts; ../src/core/databridgeHandlers.ts; ../src/services/scoring/hotSectorDimensions.ts; ../src/core/pipelineScheduler.ts; ../src/services/trading/positionSizer.ts; ../src/services/analysis/screeningEngine.ts; ../src/core/databridge.ts; ../src/services/scoring/v6ScoreService.ts; ../src/services/scoring/valuePitAnalyzer.ts
reports/retrospectives/《DataBridge端点与数据映射清单》.md,《DataBridge端点与数据映射清单》.md,36408,2026-07-13T22:53:54.993885,DataBridge 端点与数据映射清单,v1.2.0,,explanation,docs/reports/retrospectives/《DataBridge端点与数据映射清单》.md,
