"doc_id","title","file_path","file_size_kb","doc_type","domain","phase","last_updated","status","archive_reason"
"V9-DOC-0001","V9 AI 索引缓存（.ai-index）","00-meta/ai-index/.ai-index/README.md","4.1","other","ai","general","2026-07-16","active",""
"V9-DOC-0002","驾驶舱 Widget 数据定义","00-meta/deprecated-docs/old-versions/data-definition-v1.0.0-cockpit.md","5.9","other","data","general","2026-07-16","active",""
"V9-DOC-0003","V9 数据字典索引","00-meta/deprecated-docs/old-versions/data-dictionary-index-v1.6.0.md","13.2","other","data","general","2026-07-16","active",""
"V9-DOC-0004","Deployment Guide — V9 智能投研复盘系统部署基线","00-meta/deprecated-docs/old-versions/deployment-v1.0.0.md","16.9","other","general","deployment","2026-07-16","active",""
"V9-DOC-0005","文档索引","00-meta/deprecated-docs/old-versions/registry-index-v1.0.0-02-design.md","34","other","general","design","2026-07-16","active",""
"V9-DOC-0006","回归测试套件模板","00-meta/deprecated-docs/old-versions/regression-suite-v1.0.0.md","2.4","other","frontend","general","2026-07-16","active",""
"V9-DOC-0007","Agent 应用 · 文档分类索引表","00-meta/agent-app-docs-classification.md","6","other","ai","general","2026-07-16","active",""
"V9-DOC-0008","V9 项目目录结构规范与使用指南","00-meta/directory-structure-guide.md","33.6","other","frontend","development","2026-07-16","active",""
"V9-DOC-0009","V9 文档风格统一标准（doc-style-standard）","00-meta/doc-style-standard.md","8.8","other","general","general","2026-07-16","active",""
"V9-DOC-0010","触发事件 → 更新动作 一一映射权威表","00-meta/doc-trigger-action-map.md","13.3","other","general","general","2026-07-16","active",""
"V9-DOC-0011","V9 文档分类体系规范","00-meta/document-classification-system.md","24.2","other","general","general","2026-07-17","active",""
"V9-DOC-0012","V9 文档风格指南与命名规范","00-meta/document-style-guide.md","13.3","other","frontend","development","2026-07-17","active",""
"V9-DOC-0013","V9 文档治理宪法（GOVERNANCE）","00-meta/GOVERNANCE.md","8.2","other","general","general","2026-07-16","active",""
"V9-DOC-0014","V9 Markdown 文档体系梳理与重构方案","00-meta/markdown-reorg-framework.md","11.9","other","general","general","2026-07-16","active",""
"V9-DOC-0015","P1 架构债务清理 TODO 清单","00-meta/p1-debt-cleanup-todo.md","5","other","general","general","2026-07-17","active",""
"V9-DOC-0016","00-meta — 文档治理与元数据","00-meta/README.md","1.4","other","general","general","2026-07-17","active",""
"V9-DOC-0017","文档索引","00-meta/registry-index.md","62","other","general","general","2026-07-17","active",""
"V9-DOC-0018","文档整理待办清单","00-meta/文档整理待办清单.md","12.2","other","general","general","2026-07-17","active",""
"V9-DOC-0019","V9 智能投研复盘系统 · 竞品分析与差异化定位","01-product/competitive-analysis.md","19.4","other","backend","general","2026-07-16","active",""
"V9-DOC-0020","V9 智能投研复盘系统 · 数据安全与隐私保护白皮书","01-product/data-security-and-privacy.md","16.9","other","data","general","2026-07-16","active",""
"V9-DOC-0021","01-product — 产品战略文档","01-product/README.md","0.8","other","product","general","2026-07-17","active",""
"V9-DOC-0022","V9 智能投研复盘系统 · 用户画像与使用场景","01-product/user-personas-and-scenarios.md","17.4","other","product","requirements","2026-07-16","active",""
"V9-DOC-0023","ADR 入口","01-requirements/adr/README.md","0.5","other","architecture","requirements","2026-07-16","active",""
"V9-DOC-0024","01-requirements — 需求与架构决策","01-requirements/README.md","0.8","other","frontend","requirements","2026-07-17","active",""
"V9-DOC-0025","V9 E2E 测试扩展计划","04-testing/e2e-test-expansion-plan.md","11.3","other","qa","testing","2026-07-16","active",""
"V9-DOC-0026","V9 硬编码与静默回退清理计划","04-testing/hardcode-cleanup-plan.md","8.1","other","qa","testing","2026-07-16","active",""
"V9-DOC-0027","V9 性能测试基线报告","04-testing/performance-baseline.md","9.4","other","qa","testing","2026-07-16","active",""
"V9-DOC-0028","V9 智能投研复盘系统 · 测试前准备清单","04-testing/pre-testing-checklist.md","22.2","other","qa","testing","2026-07-16","active",""
"V9-DOC-0029","V9 安全测试计划与 XSS 专项测试用例","04-testing/security-test-plan.md","16.3","other","qa","testing","2026-07-16","active",""
"V9-DOC-0030","V9 单元测试修复路线图","04-testing/unit-test-repair-roadmap.md","10.3","other","ai","planning","2026-07-16","active",""
"V9-DOC-0031","06-project-management — 项目管理文档","06-project-management/README.md","0.7","other","project","general","2026-07-17","active",""
"V9-DOC-0032","AI 相关文档入口","ai/README.md","0.6","other","ai","general","2026-07-16","active",""
"V9-DOC-0033","Service 集成指南","ai/service-integration-guide.md","0.4","other","frontend","development","2026-07-16","active",""
"V9-DOC-0034","Store 集成指南","ai/store-integration-guide.md","0.4","other","frontend","development","2026-07-16","active",""
"V9-DOC-0035","架构决策记录入口","architecture/adr/README.md","0.5","other","architecture","design","2026-07-16","active",""
"V9-DOC-0036","API 契约","architecture/api-contracts.md","0.4","other","architecture","design","2026-07-16","active",""
"V9-DOC-0037","舱室总览","architecture/cabins-overview.md","0.4","other","architecture","design","2026-07-16","active",""
"V9-DOC-0038","架构总览","architecture/overview.md","0.4","other","architecture","design","2026-07-16","active",""
"V9-DOC-0039","安全模型","architecture/security-model.md","0.4","other","architecture","design","2026-07-16","active",""
"V9-DOC-0040","我用 WorkBuddy 给审计团队搭了 20 个""分身""：一个审计合伙人的 AI 工作流改造实录 #WorkBuddy","assets/articles/01-tutorial-audit-workflow.md","8.8","other","qa","testing","2026-07-16","active",""
"V9-DOC-0041","审计场景下 WorkBuddy 的 5 个真实踩坑与解法 #WorkBuddy","assets/articles/02-experience-five-pitfalls.md","6.1","other","general","general","2026-07-16","active",""
"V9-DOC-0042","发文就绪卡 · 腾讯云开发者社区","assets/articles/publish-ready.md","3.9","other","general","general","2026-07-16","active",""
"V9-DOC-0043","无障碍与国际化","design/a11y-i18n.md","0.3","other","general","design","2026-07-16","active",""
"V9-DOC-0044","design — 设计文档（兼容重定向）","design/README.md","0.8","other","general","design","2026-07-17","active",""
"V9-DOC-0045","宋韵美学","design/song-aesthetics.md","0.4","other","general","design","2026-07-16","active",""
"V9-DOC-0046","V9 智能投研复盘系统 - API 文档","drafts/complete-api-doc.md","20","other","general","general","2026-07-16","active",""
"V9-DOC-0047","docs/drafts/ — 临时草稿区","drafts/README.md","0.3","other","general","general","2026-07-16","active",""
"V9-DOC-0048","Blueprints","explanation/design/blueprints/README.md","0.4","design","general","design","2026-07-16","active",""
"V9-DOC-0049","V9 技术实施文档索引","explanation/design/00-readme.md","13.6","design","general","design","2026-07-17","active",""
"V9-DOC-0050","04. UI/UX 规范","explanation/design/04-ui-ux-specs.md","17.2","design","frontend","requirements","2026-07-16","active",""
"V9-DOC-0051","06. 路由规格","explanation/design/06-routing-specs.md","21.4","design","general","requirements","2026-07-16","active",""
"V9-DOC-0052","07. 运营策略","explanation/design/07-operation-strategy.md","10.1","design","general","design","2026-07-16","active",""
"V9-DOC-0053","08. 实施计划","explanation/design/08-implementation-plan.md","16.1","design","general","design","2026-07-16","active",""
"V9-DOC-0054","09. 质量门禁","explanation/design/09-quality-gates.md","11.9","design","qa","design","2026-07-16","active",""
"V9-DOC-0055","ADR-001: 纯前端无后端架构","explanation/design/2026-06-20-pure-frontend-architecture.md","1.2","design","architecture","design","2026-07-16","active",""
"V9-DOC-0056","ADR-009: 引入热门板块与价值洼地双策略体系","explanation/design/2026-06-27-dual-strategy-system.md","9.3","design","general","design","2026-07-16","active",""
"V9-DOC-0057","V9 数据架构五大问题治理计划","explanation/design/2026-06-29-data-architecture-governance.md","19.5","design","architecture","design","2026-07-16","active",""
"V9-DOC-0058","AI 智能体调度中心 / 健康监控 / 诊断分析 — 数据字典","explanation/design/ai-center-data-definition.md","17.5","design","data","design","2026-07-16","active",""
"V9-DOC-0059","V9 数据分析与筛选模块开发任务规划与 Agent 分配","explanation/design/analysis-screening-module-dev-plan.md","16.2","design","backend","design","2026-07-16","active",""
"V9-DOC-0060","V9 智能投研复盘系统 — 架构合规审计报告（T-11 第一轮）","explanation/design/architecture-compliance-report.md","11.5","design","architecture","design","2026-07-16","active",""
"V9-DOC-0061","V9 前端应用性能质量审计报告","explanation/design/audit-b4-3-performance.md","19.6","design","qa","design","2026-07-16","active",""
"V9-DOC-0062","V9 智能投研复盘系统 — 质量审计总结报告","explanation/design/audit-summary-report.md","6.9","design","qa","design","2026-07-16","active",""
"V9-DOC-0063","V9 智能投研复盘系统 综合测试与可行性评估报告","explanation/design/automation-test-evaluation.md","10.1","design","qa","design","2026-07-16","active",""
"V9-DOC-0064","V9 自主工作流优化策略","explanation/design/autonomous-workflow-optimization.md","13.5","design","project","design","2026-07-16","active",""
"V9-DOC-0065","V9 阶段性合并报告（Batch 1-3 汇总）","explanation/design/batch-merge-reports.md","5.8","design","general","design","2026-07-16","active",""
"V9-DOC-0066","buildScoreDocDiff 修复 — 生产部署回滚预案","explanation/design/buildscoredocdiff-rollback-plan.md","14.6","design","frontend","design","2026-07-16","active",""
"V9-DOC-0067","代码审查者培训材料","explanation/design/code-review-training.md","30.7","design","ai","design","2026-07-16","active",""
"V9-DOC-0068","V9 模块完成度剖面图 — 批次 D（交易舱）","explanation/design/completeness-profile-batch4.md","6.3","design","general","design","2026-07-16","active",""
"V9-DOC-0069","V9 UI 组件库使用指南","explanation/design/component-library-guide.md","13.3","design","frontend","design","2026-07-16","active",""
"V9-DOC-0070","核心稀缺资源策略（core-scarce）","explanation/design/core-scarce-strategy.md","5.4","design","general","design","2026-07-16","active",""
"V9-DOC-0071","数据采集模块架构设计","explanation/design/data-collection-architecture.md","13.6","design","architecture","design","2026-07-16","active",""
"V9-DOC-0072","数据采集功能差距分析报告","explanation/design/data-collection-gap-analysis.md","16.2","design","backend","design","2026-07-16","active",""
"V9-DOC-0073","数据采集模块路由与UI校对分析报告","explanation/design/data-collection-route-ui-audit.md","15.7","design","frontend","design","2026-07-16","active",""
"V9-DOC-0074","Cockpit Widget 框架数据字典","explanation/design/data-definition.md","25.5","design","data","design","2026-07-16","active",""
"V9-DOC-0075","V9 数据字典索引","explanation/design/data-dictionary-index.md","12.9","design","data","design","2026-07-16","active",""
"V9-DOC-0076","V9 数据流规范","explanation/design/data-flow-spec.md","8.7","design","data","requirements","2026-07-16","active",""
"V9-DOC-0077","DataBridge 改进建议整改报告","explanation/design/databridge改进建议整改报告.md","9.3","design","data","design","2026-07-16","active",""
"V9-DOC-0078","DataBridge 数据链路全景分析报告","explanation/design/databridge数据链路全景分析报告.md","31.4","design","data","design","2026-07-16","active",""
"V9-DOC-0079","数据流引擎（DataFlow Engine）数据字典","explanation/design/dataflow-data-definition.md","6.3","design","data","design","2026-07-16","active",""
"V9-DOC-0080","Batch-1 阶段性合并报告","explanation/design/deprecated-batch1-merge-report.md","4.5","design","general","design","2026-07-16","active",""
"V9-DOC-0081","Batch-3 全量回归测试报告","explanation/design/deprecated-batch3-merge-report.md","2.1","design","general","design","2026-07-16","active",""
"V9-DOC-0082","Cockpit & News 模块文档修正方案（Phase 2-3）","explanation/design/deprecated-cockpit-news-doc-correction-plan.md","12.7","design","general","design","2026-07-16","active",""
"V9-DOC-0083","代码-文档同步差异清单","explanation/design/deprecated-doc-sync-gap-list.md","5.4","design","general","design","2026-07-16","active",""
"V9-DOC-0084","V9 并行任务调度表","explanation/design/deprecated-v9-parallel-task-schedule.md","6.6","design","general","design","2026-07-16","active",""
"V9-DOC-0085","Design Tokens 系统使用指南","explanation/design/design-tokens.md","12.6","design","frontend","design","2026-07-16","active",""
"V9-DOC-0086","七维采集配置模块 — 文档交叉检查报告","explanation/design/doc-cross-check-report.md","24.7","design","general","design","2026-07-16","active",""
"V9-DOC-0087","代码-文档同步整体方案与执行计划","explanation/design/doc-sync-execution-plan.md","12.7","design","general","design","2026-07-16","active",""
"V9-DOC-0088","文档自动化更新与交叉检查结果报告","explanation/design/doc-update-report-20260701.md","7.5","design","general","design","2026-07-16","active",""
"V9-DOC-0089","V9 双策略体系与数据流架构规格","explanation/design/dual-strategy-dataflow-spec.md","6.8","design","data","requirements","2026-07-16","active",""
"V9-DOC-0090","V9 双策略规格与现有项目差异分析报告","explanation/design/dual-strategy-gap-analysis.md","16.4","design","backend","design","2026-07-16","active",""
"V9-DOC-0091","V9 实施文档保鲜度告警清单","explanation/design/freshness-alerts.md","2","design","general","design","2026-07-16","active",""
"V9-DOC-0092","热门赛道策略（hot-momentum）","explanation/design/hot-momentum-strategy.md","7","design","general","design","2026-07-16","active",""
"V9-DOC-0093","实施治理与架构决策记录","explanation/design/implementation-governance.md","6.6","design","general","design","2026-07-16","active",""
"V9-DOC-0094","输入舱业务规格与实现映射","explanation/design/input-cabin-spec.md","9.1","design","general","requirements","2026-07-16","active",""
"V9-DOC-0095","投资流程阶段化分析：仓位、引擎、数据架构与数据交互","explanation/design/investment-pipeline-stage-analysis.md","11.8","design","backend","design","2026-07-16","active",""
"V9-DOC-0096","V9 智能投研复盘系统 - MCP 最小耦合原则合规性分析报告","explanation/design/mcp-coupling-analysis-report.md","25.2","design","backend","design","2026-07-16","active",""
"V9-DOC-0097","多因子选股筛选器数据字典","explanation/design/multi-factor-screening-data-definition.md","2.7","design","data","design","2026-07-16","active",""
"V9-DOC-0098","NewsPage（智能资讯中心）数据字典","explanation/design/news-data-definition.md","8.4","design","data","design","2026-07-16","active",""
"V9-DOC-0099","项目优化处理总结报告","explanation/design/optimization-summary-report.md","8.6","design","general","design","2026-07-16","active",""
"V9-DOC-0100","P4 文档去重清单与执行方案","explanation/design/p4-文档去重清单与执行方案.md","15.3","design","general","design","2026-07-16","active",""
"V9-DOC-0101","V9 待处理事项清单（Backlog）","explanation/design/pending-items-backlog-20260704.md","9","design","general","design","2026-07-16","active",""
"V9-DOC-0102","质量保障策略：分阶段自适应检查机制","explanation/design/quality-assurance-strategy.md","17.3","design","qa","design","2026-07-16","active",""
"V9-DOC-0103","V9 模块完成度逆向校验 — 执行计划","explanation/design/quality-audit-plan.md","11.2","design","qa","design","2026-07-16","active",""
"V9-DOC-0104","变更影响分析报告","explanation/design/refactor-impact-analysis-2026-06-27.md","13.9","design","backend","design","2026-07-16","active",""
"V9-DOC-0105","文档索引","explanation/design/registry-index.md","30.5","design","general","design","2026-07-17","active",""
"V9-DOC-0106","solo-review.md — 单人开发代码审查指南","explanation/design/solo-review.md","21.1","design","general","design","2026-07-16","active",""
"V9-DOC-0107","V9 间距令牌规范（Spacing Tokens）","explanation/design/spacing-tokens.md","5.7","design","frontend","design","2026-07-16","active",""
"V9-DOC-0108","V9 选股策略总文档","explanation/design/stock-selection-strategy.md","7.8","design","general","design","2026-07-16","active",""
"V9-DOC-0109","tech-debt.md — 技术债管理文档","explanation/design/tech-debt.md","21.3","design","general","design","2026-07-16","active",""
"V9-DOC-0110","测试扩充设计方案","explanation/design/test-expansion-design.md","24.3","design","qa","design","2026-07-16","active",""
"V9-DOC-0111","TradeReviewAI SkillDevelopment 测试说明","explanation/design/tradereviewai-skill-testing.md","4.5","design","ai","design","2026-07-16","active",""
"V9-DOC-0112","交易核心因子与复盘指标导入","explanation/design/trading-core-factors.md","9.6","design","backend","design","2026-07-16","active",""
"V9-DOC-0113","V9 UI 设计优化分布式 AGENT 任务执行清单","explanation/design/ui-design-agent-execution-plan.md","12.9","design","frontend","design","2026-07-16","active",""
"V9-DOC-0114","V9 UI 设计系统","explanation/design/ui-design-system.md","8.4","design","frontend","design","2026-07-16","active",""
"V9-DOC-0115","V6 Pro UI / Page 吸收落地总结（仅 UI 展示层，不动数据架构）","explanation/design/ui-only-implementation-summary.md","7.8","design","frontend","design","2026-07-16","active",""
"V9-DOC-0116","V9 智能投研复盘系统 — UI 改善部分检索报告","explanation/design/ui改善部分检索报告.md","7.2","design","frontend","design","2026-07-16","active",""
"V9-DOC-0117","V6 → V9 架构一致性整改行动清单","explanation/design/v6-v9-architecture-audit-action-list.md","16.9","design","architecture","design","2026-07-16","active",""
"V9-DOC-0118","V6 → V9 架构一致性审计计划","explanation/design/v6-v9-architecture-audit-plan.md","7.5","design","architecture","design","2026-07-16","active",""
"V9-DOC-0119","V6→V9 架构整改校正评估与可行性分析报告","explanation/design/v6-v9-rectification-feasibility-report.md","13.8","design","general","design","2026-07-16","active",""
"V9-DOC-0120","V6-V9 界面设计最新 HTML 精读报告","explanation/design/v6-v9界面设计html精读报告.md","11.2","design","general","design","2026-07-16","active",""
"V9-DOC-0121","V6-V9 界面设计优化详细可行性计划","explanation/design/v6-v9界面设计优化可行性计划.md","15.7","design","general","design","2026-07-16","active",""
"V9-DOC-0122","V6 Pro 备份源码/线上站点 与 V9 当前项目 UI & Page 差异全量对比报告","explanation/design/v6pro-ui-page-diff-report.md","22.7","design","frontend","design","2026-07-16","active",""
"V9-DOC-0123","V6 Pro → V9 架构差异分析报告","explanation/design/v6pro-v9-gap-analysis-final.md","8.3","design","backend","design","2026-07-16","active",""
"V9-DOC-0124","V9 双策略一致性收敛 — 验收报告","explanation/design/v9-acceptance-report.md","6.1","design","general","design","2026-07-16","active",""
"V9-DOC-0125","V9 架构资产差异分析报告（Phase 5 深层审计）","explanation/design/v9-architecture-data-diff-report.md","23.3","design","architecture","design","2026-07-16","active",""
"V9-DOC-0126","V9 架构整改总体策略与执行计划","explanation/design/v9-architecture-rectification-strategy.md","7.4","design","architecture","design","2026-07-16","active",""
"V9-DOC-0127","V9 代码质量校对分析 — 过程透明看板","explanation/design/v9-code-quality-kanban-20260629.md","21.5","design","qa","design","2026-07-16","active",""
"V9-DOC-0128","V9 智能投研复盘系统 — 当前状态全面梳理（按实施进度）","explanation/design/v9-current-state-review.md","20.5","design","general","design","2026-07-16","active",""
"V9-DOC-0129","V9 数据关系蓝图任务跟踪计划","explanation/design/v9-data-blueprint-task-tracking.md","12","design","data","design","2026-07-16","active",""
"V9-DOC-0130","V9 文档体系化审计与补全建议书","explanation/design/v9-documentation-audit-report.md","23.2","design","qa","design","2026-07-16","active",""
"V9-DOC-0131","V9 IndexedDB Store Schema 文档","explanation/design/v9-indexeddb-store-schema.md","37.4","design","data","design","2026-07-16","active",""
"V9-DOC-0132","V9 交互时序文档复核报告","explanation/design/v9-interaction-flows-review.md","4.2","design","general","design","2026-07-16","active",""
"V9-DOC-0133","V9 P0 严重问题修复方案","explanation/design/v9-p0-remediation-plan.md","33.6","design","general","design","2026-07-16","active",""
"V9-DOC-0134","V9 开发后复盘报告","explanation/design/v9-post-dev-review.md","11.2","design","general","design","2026-07-16","active",""
"V9-DOC-0135","V9 问题修复排期报告","explanation/design/v9-remediation-plan.md","8.8","design","general","design","2026-07-16","active",""
"V9-DOC-0136","V9 策略架构文档","explanation/design/v9-strategy-architecture.md","46.7","design","architecture","design","2026-07-16","active",""
"V9-DOC-0137","V9 现有数据资产清单","explanation/design/v9现有数据资产清单.md","47","design","general","design","2026-07-16","active",""
"V9-DOC-0138","价值洼地策略（value-bargain）","explanation/design/value-bargain-strategy.md","8.3","design","ai","design","2026-07-16","active",""
"V9-DOC-0139","观察仓策略（watchlist）","explanation/design/watchlist-strategy.md","6.7","design","general","design","2026-07-16","active",""
"V9-DOC-0140","本周执行任务清单（2026-07-05 至 2026-07-12）","explanation/design/weekly-tasks-2026-07-05.md","7.4","design","general","design","2026-07-16","active",""
"V9-DOC-0141","驾驶舱 Widget 集成检查清单","explanation/design/widget-integration-checklist.md","4.5","design","frontend","design","2026-07-16","active",""
"V9-DOC-0142","业务能力补充报告：自选股异动 Widget","explanation/design/业务能力补充报告_自选股异动_2026-07-09.md","2.7","design","general","design","2026-07-16","active",""
"V9-DOC-0143","双通道投研评分系统技术方案（可行性论证报告）","explanation/design/双通道投研评分系统技术方案.md","23.4","design","general","design","2026-07-16","active",""
"V9-DOC-0144","R01 发布计划与评审文档 — V9 智能投研复盘系统","explanation/design/发布计划与评审-r01.md","12.2","design","general","design","2026-07-16","active",""
"V9-DOC-0145","R03 回滚方案与演练文档 — V9 智能投研复盘系统","explanation/design/回滚方案与演练-r03.md","5.3","design","general","design","2026-07-16","active",""
"V9-DOC-0146","V9 数据治理路线图与执行优先级","explanation/design/数据治理路线图.md","17.2","design","general","design","2026-07-16","active",""
"V9-DOC-0147","踩坑规则门禁指南","explanation/design/踩坑规则门禁指南.md","13.7","design","general","design","2026-07-16","active",""
"V9-DOC-0148","迁移风险复盘与应对策略文档","explanation/design/迁移风险复盘与应对策略文档.md","13.2","design","general","design","2026-07-16","active",""
"V9-DOC-0149","10. 领域词汇表","explanation/10-glossary.md","16.2","other","general","general","2026-07-16","active",""
"V9-DOC-0150","ADR-005: PortalShell 深色 Kimi 经典布局","explanation/2026-06-23-portalshell-dark-kimi-layout.md","1.1","other","general","general","2026-07-16","active",""
"V9-DOC-0151","ADR-006: 输入舱拆分为四子页面","explanation/2026-06-24-input-cabin-subpages.md","1.2","other","general","general","2026-07-16","active",""
"V9-DOC-0152","ADR-007: 补齐筛选引擎、信号持久化与复盘引擎","explanation/2026-06-24-pool-screening-signal-persistence-review-engine.md","3.4","other","backend","general","2026-07-16","active",""
"V9-DOC-0153","ADR-009: V6 Pro JSON 全量导出迁移至 V9 IndexedDB","explanation/2026-06-25-v6-migration.md","5.6","other","general","general","2026-07-16","active",""
"V9-DOC-0154","ADR-009: 引入热门板块与价值洼地双策略体系","explanation/2026-06-27-dual-strategy-system.md","9.3","other","general","general","2026-07-16","active",""
"V9-DOC-0155","评分引擎异常处理优化测试报告","explanation/2026-07-05-exception-handling-test-report.md","14.5","other","qa","testing","2026-07-16","active",""
"V9-DOC-0156","V9 文档体系 — A-H 分类索引（真实映射）","explanation/A-H-INDEX.md","4.2","other","general","general","2026-07-17","active",""
"V9-DOC-0157","V9 无障碍（Accessibility）检查清单","explanation/a11y-checklist.md","5.9","other","general","general","2026-07-16","active",""
"V9-DOC-0158","T-09 WCAG 对比度复核报告","explanation/a11y-contrast-report.md","9","other","general","retrospective","2026-07-16","active",""
"V9-DOC-0159","无障碍与国际化指南（A11y & i18n）","explanation/a11y-i18n.md","1.7","other","general","general","2026-07-16","active",""
"V9-DOC-0160","V9 五层追溯审计 — 修复行动清单","explanation/action-list.md","12.9","other","general","general","2026-07-16","active",""
"V9-DOC-0161","ADR-001: 纯前端无后端架构","explanation/adr-001-pure-frontend-architecture.md","6","other","architecture","design","2026-07-16","active",""
"V9-DOC-0162","ADR-004: HashRouter 静态托管方案","explanation/adr-004-hashrouter-static-hosting.md","4","other","architecture","design","2026-07-16","active",""
"V9-DOC-0163","ADR-005: PortalShell 深色 Kimi 经典布局","explanation/adr-005-portalshell-dark-kimi-layout.md","4.3","other","architecture","design","2026-07-16","active",""
"V9-DOC-0164","ADR-007: 补齐筛选引擎、信号持久化与复盘引擎","explanation/adr-007-screening-signal-persistence-review.md","4.7","other","architecture","design","2026-07-16","active",""
"V9-DOC-0165","ADR-008: 采用 V6 核心资源交易策略","explanation/adr-008-v6-core-resource-trading-strategy.md","4.4","other","architecture","design","2026-07-16","active",""
"V9-DOC-0166","ADR-009: 引入热门板块与价值洼地双策略体系","explanation/adr-009-dual-strategy-system.md","5.5","other","architecture","design","2026-07-16","active",""
"V9-DOC-0167","DEPRECATED - ai-center-data-definition.md","explanation/ai-center-data-definition.md","17.9","other","data","general","2026-07-16","active",""
"V9-DOC-0168","AI 中心 Vue3 组件示例","explanation/ai-center-vue3-examples.md","15.2","other","ai","general","2026-07-16","active",""
"V9-DOC-0169","AI 生成—审计—修正飞轮","explanation/ai-generate-audit-fix-loop.md","4.8","other","ai","testing","2026-07-16","active",""
"V9-DOC-0170","项目专属 AI 记忆层（RAG）","explanation/ai-memory-layer.md","2.2","other","architecture","general","2026-07-16","active",""
"V9-DOC-0171","架构设计文档版本比对","explanation/architecture-version-comparison.md","13.1","other","architecture","design","2026-07-16","active",""
"V9-DOC-0172","智能投研复盘系统 V9 — 驾驶舱 Widget 架构说明","explanation/ARCHITECTURE.md","15","other","architecture","design","2026-07-16","active",""
"V9-DOC-0173","V9 前端应用测试质量审计报告","explanation/audit-b4-2-test-quality.md","19.8","other","qa","testing","2026-07-16","active",""
"V9-DOC-0174","B 批次组件集成测试报告（B-6）","explanation/b批次组件集成测试报告-b6-2026-07-08.md","4.8","other","general","general","2026-07-16","active",""
"V9-DOC-0175","B 批次高价值孤儿组件集成状态报告","explanation/b批次高价值孤儿集成状态报告-2026-07-08.md","6.6","other","general","general","2026-07-16","active",""
"V9-DOC-0176","V9 舱室总览（Cabins Overview）","explanation/cabins-overview.md","4.8","other","general","general","2026-07-16","active",""
"V9-DOC-0177","V9 模块完成度剖面图 — 批次 B（输入舱）","explanation/completeness-profile-batch2.md","7.2","other","general","general","2026-07-16","active",""
"V9-DOC-0178","V9 模块完成度剖面图 — 批次 C（分析舱）","explanation/completeness-profile-batch3.md","9.4","other","general","general","2026-07-16","active",""
"V9-DOC-0179","V9 模块完成度剖面图 — 批次 D（交易舱）","explanation/completeness-profile-batch4.md","6.3","other","general","general","2026-07-16","active",""
"V9-DOC-0180","V9 批次 E：输出舱 + 总控舱 + 其他 — 完成度剖面图","explanation/completeness-profile-batch5.md","6.3","other","general","general","2026-07-16","active",""
"V9-DOC-0181","V9 模块完成度剖面图 — 全量汇总","explanation/completeness-profile.md","15.4","other","general","general","2026-07-16","active",""
"V9-DOC-0182","代码复杂度治理规范","explanation/complexity-redlines.md","3.7","other","general","general","2026-07-16","active",""
"V9-DOC-0183","剩余复杂度整改任务清单与计划（2026-07-12）","explanation/complexity-remediation-plan.md","16.4","other","general","general","2026-07-16","active",""
"V9-DOC-0184","V9 组件弃用政策","explanation/component-deprecation-policy.md","6.3","other","frontend","general","2026-07-16","active",""
"V9-DOC-0185","V9 智能投研复盘系统 — 核心数据策略报告","explanation/core-data-strategy-report.md","48.4","other","data","retrospective","2026-07-16","active",""
"V9-DOC-0186","数据采集模块架构设计","explanation/data-collection-architecture.md","13.6","other","architecture","design","2026-07-16","active",""
"V9-DOC-0187","V9 数据层总览","explanation/data-layer-overview.md","27.2","other","architecture","general","2026-07-16","active",""
"V9-DOC-0188","DEPRECATED - dataflow-data-definition.md","explanation/dataflow-data-definition.md","6.7","other","data","general","2026-07-16","active",""
"V9-DOC-0189","V6ProDB IndexedDB 升级规范（v4 → v6）","explanation/db-migration-v4-to-v6.md","6.1","other","general","general","2026-07-16","active",""
"V9-DOC-0190","Batch-2 阶段性合并报告","explanation/deprecated-batch2-merge-report.md","3.1","other","general","retrospective","2026-07-16","active",""
"V9-DOC-0191","V9 问题整改调度表","explanation/deprecated-v9-issue-resolution-schedule.md","13.6","other","general","general","2026-07-16","active",""
"V9-DOC-0192","Design Tokens 系统使用指南","explanation/design-tokens.md","12.6","other","frontend","design","2026-07-16","active",""
"V9-DOC-0193","V9 双策略规格与现有项目差异分析报告","explanation/dual-strategy-gap-analysis.md","16.4","other","backend","general","2026-07-16","active",""
"V9-DOC-0194","因子提炼、扩容与追踪路径分析","explanation/factor-tracking-roadmap.md","5.6","other","general","planning","2026-07-16","active",""
"V9-DOC-0195","V9 功能入口清单","explanation/feature-entry-list.md","6.4","other","general","general","2026-07-16","active",""
"V9-DOC-0196","V9 操作反馈闭环规格","explanation/feedback-loop-spec.md","6.5","other","general","requirements","2026-07-16","active",""
"V9-DOC-0197","JSDoc 编写规范","explanation/jsdoc-convention.md","3.9","other","general","general","2026-07-16","active",""
"V9-DOC-0198","Kimi WebBridge 插件","explanation/kimi-webbridge.md","8.3","other","general","general","2026-07-16","active",""
"V9-DOC-0199","新闻模块 — useState → Zustand 迁移文档","explanation/migration-news-useState-to-zustand.md","6.9","other","general","general","2026-07-16","active",""
"V9-DOC-0200","DEPRECATED - multi-factor-screening-data-definition.md","explanation/multi-factor-screening-data-definition.md","3.1","other","data","general","2026-07-16","active",""
"V9-DOC-0201","代码多层嵌套评审报告","explanation/nested-code-review-report.md","25.7","other","general","retrospective","2026-07-16","active",""
"V9-DOC-0202","DEPRECATED - news-data-definition.md","explanation/news-data-definition.md","8.8","other","data","general","2026-07-16","active",""
"V9-DOC-0203","代码质量优化处理计划","explanation/optimization-plan.md","37.8","other","general","general","2026-07-16","active",""
"V9-DOC-0204","优化计划执行进度报告（P1 服务层中优项推进）","explanation/optimization-progress-report.md","25.5","other","general","retrospective","2026-07-16","active",""
"V9-DOC-0205","股票池看板迁移 + 采集进度汇报 + 既有债务治理完成","explanation/overview.md","15.1","other","general","general","2026-07-16","active",""
"V9-DOC-0206","页面结构与五舱布局","explanation/page-structure.md","3.7","other","general","general","2026-07-16","active",""
"V9-DOC-0207","V9 待处理事项清单（Backlog）","explanation/pending-items-backlog-20260704.md","9.6","other","general","general","2026-07-16","active",""
"V9-DOC-0208","V9 未完成任务清单（已验证版）","explanation/pending-tasks-inventory-20260701.md","10.8","other","general","general","2026-07-16","active",""
"V9-DOC-0209","V9 渗透测试自查报告（P0-03）","explanation/penetration-test-report.md","5.3","other","qa","testing","2026-07-16","active",""
"V9-DOC-0210","V9 性能基线","explanation/performance-baseline.md","2.9","other","general","general","2026-07-16","active",""
"V9-DOC-0211","体系化上线测试检查清单 Skill","explanation/production-release-checklist-SKILL.md","13.9","other","product","deployment","2026-07-16","active",""
"V9-DOC-0212","质量门禁实测基线（2026-06-25）","explanation/quality-gates-baseline.md","4.5","other","qa","testing","2026-07-16","active",""
"V9-DOC-0213","RBAC 整合：可行性分析 + 实施计划 + 整改方案","explanation/rbac整合可行性分析与实施计划-2026-07-08.md","11.2","other","general","general","2026-07-16","active",""
"V9-DOC-0214","explanation — 架构解释","explanation/README.md","2.1","other","general","general","2026-07-17","active",""
"V9-DOC-0215","变更影响分析报告","explanation/refactor-impact-analysis-2026-06-27.md","13.9","other","backend","general","2026-07-16","active",""
"V9-DOC-0216","回归测试套件模板","explanation/regression-suite.md","3.3","other","frontend","general","2026-07-16","active",""
"V9-DOC-0217","股票池看板迁移回归测试报告","explanation/regression-test-report.md","5.7","other","qa","testing","2026-07-16","active",""
"V9-DOC-0218","FinSightV9 分析报告输出功能架构评估","explanation/report-generation-architecture-assessment.md","7.3","other","architecture","design","2026-07-16","active",""
"V9-DOC-0219","V9 回滚方案演练记录（P0-08）","explanation/rollback-drill-report.md","10.7","other","general","retrospective","2026-07-16","active",""
"V9-DOC-0220","运维与发布手册（Runbook）","explanation/runbook.md","2.1","other","general","deployment","2026-07-16","active",""
"V9-DOC-0221","DEPRECATED - seven-dim-config-data-definition.md","explanation/seven-dim-config-data-definition.md","18.4","other","data","general","2026-07-16","active",""
"V9-DOC-0222","宋韵美学设计指南（Song Aesthetics）","explanation/song-aesthetics.md","1.7","other","general","general","2026-07-16","active",""
"V9-DOC-0223","状态管理规范","explanation/state-management.md","5","other","project","general","2026-07-16","active",""
"V9-DOC-0224","V9 选股策略总文档","explanation/stock-selection-strategy.md","7.9","other","general","general","2026-07-16","active",""
"V9-DOC-0225","智能投研复盘系统 V9 — 系统架构与设计文档","explanation/system-architecture.md","17.7","other","architecture","design","2026-07-16","active",""
"V9-DOC-0226","任务图模板","explanation/task-graph-template.md","3.8","other","general","general","2026-07-16","active",""
"V9-DOC-0227","令牌使用 Cookbook（token-usage-cookbook）","explanation/token-usage-cookbook.md","2.8","other","frontend","general","2026-07-16","active",""
"V9-DOC-0228","交易核心因子与复盘指标导入","explanation/trading-core-factors.md","9.6","other","backend","general","2026-07-16","active",""
"V9-DOC-0229","V9 UI 设计优化分布式 AGENT 任务执行清单","explanation/ui-design-agent-execution-plan.md","12.9","other","frontend","design","2026-07-16","active",""
"V9-DOC-0230","V6 Pro UI / Page 吸收落地总结（仅 UI 展示层，不动数据架构）","explanation/ui-only-implementation-summary.md","7.8","other","frontend","development","2026-07-16","active",""
"V9-DOC-0231","V10 架构白皮书与 V9 对齐报告","explanation/v10-architecture-alignment.md","13.3","other","architecture","design","2026-07-16","active",""
"V9-DOC-0232","V6 → V9 架构一致性整改行动清单","explanation/v6-v9-architecture-audit-action-list.md","16.9","other","architecture","design","2026-07-16","active",""
"V9-DOC-0233","V6 Pro → V9 源码比对与二次开发重点模块梳理","explanation/v6pro-to-v9-migration-analysis.md","28.2","other","backend","general","2026-07-16","active",""
"V9-DOC-0234","V6 Pro 备份源码/线上站点 与 V9 当前项目 UI & Page 差异全量对比报告","explanation/v6pro-ui-page-diff-report.md","22.6","other","frontend","retrospective","2026-07-16","active",""
"V9-DOC-0235","V9 代码质量校对分析报告","explanation/v9-code-quality-audit-report-20260629.md","35","other","qa","testing","2026-07-17","active",""
"V9-DOC-0236","V9 代码质量校对分析报告（2026-07-13 更新）","explanation/v9-code-quality-audit-report-20260713.md","6.4","other","qa","testing","2026-07-16","active",""
"V9-DOC-0237","V9 数据库实体关系蓝图 (ER)","explanation/v9-data-relationship-er.md","6.5","other","data","general","2026-07-16","active",""
"V9-DOC-0238","V9 问题整改管理与调度记录","explanation/v9-issue-management.md","8.2","other","project","general","2026-07-16","active",""
"V9-DOC-0239","V9 L2 状态层补齐路线图","explanation/v9-l2状态层补齐路线图.md","19.2","other","general","general","2026-07-16","active",""
"V9-DOC-0240","V9 蓝图补全整改任务清单 — 批次 E（v15/v16 新增 Store）","explanation/v9-rectification-tasks-v15-v16.md","5.9","other","general","general","2026-07-16","active",""
"V9-DOC-0241","V9 策略架构文档","explanation/v9-strategy-architecture.md","46.7","other","architecture","design","2026-07-16","active",""
"V9-DOC-0242","V9 代码实现分析报告","explanation/v9-代码实现分析报告.md","8","other","general","general","2026-07-16","active",""
"V9-DOC-0243","V9 体系化上线测试 TODO LIST","explanation/V9-体系化上线测试-TODO-LIST.md","17.4","other","general","general","2026-07-16","active",""
"V9-DOC-0244","V9 架构缺陷与整改行动清单","explanation/v9-架构缺陷与整改行动清单.md","8.7","other","general","general","2026-07-16","active",""
"V9-DOC-0245","V9 架构覆盖分析报告","explanation/v9-架构覆盖分析报告.md","5.6","other","general","general","2026-07-16","active",""
"V9-DOC-0246","V9 目标功能清单","explanation/v9-目标功能清单.md","4.6","other","general","general","2026-07-16","active",""
"V9-DOC-0247","V9 漏洞扫描报告与处理建议","explanation/vulnerability-scan-report.md","7.4","other","general","retrospective","2026-07-16","active",""
"V9-DOC-0248","每周数据蓝图一致性检查 — 2026-06-30","explanation/weekly-check-2026-06-30.md","6.6","other","general","general","2026-07-16","active",""
"V9-DOC-0249","双通道投研评分系统技术方案（可行性论证报告）","explanation/双通道投研评分系统技术方案.md","23.4","other","general","general","2026-07-16","active",""
"V9-DOC-0250","快速入门","guides/getting-started.md","0.8","other","frontend","development","2026-07-16","active",""
"V9-DOC-0251","如何新增 Service","guides/how-to-add-service.md","0.9","other","frontend","development","2026-07-16","active",""
"V9-DOC-0252","如何新增 Store","guides/how-to-add-store.md","0.9","other","frontend","development","2026-07-16","active",""
"V9-DOC-0253","如何新增 Widget","guides/how-to-add-widget.md","0.9","other","frontend","development","2026-07-16","active",""
"V9-DOC-0254","V9 模块完成度剖面图 — 批次 B（输入舱）","how-to/testing/completeness-profile-batch2.md","7.2","other","qa","development","2026-07-16","active",""
"V9-DOC-0255","剩余复杂度整改任务清单与计划（2026-07-12）","how-to/testing/complexity-remediation-plan.md","16.4","other","qa","development","2026-07-16","active",""
"V9-DOC-0256","V9 三层测试策略","how-to/testing/testing-strategy.md","2.9","other","qa","development","2026-07-16","active",""
"V9-DOC-0257","代码评审指南与质量门禁 SOP","how-to/code-review-guide.md","19","other","frontend","development","2026-07-16","active",""
"V9-DOC-0258","V9 文件管理规范","how-to/FILE-MANAGEMENT-GUIDE.md","18.6","other","frontend","development","2026-07-17","active",""
"V9-DOC-0259","自定义 Hook 使用指南","how-to/hooks-guide.md","3.3","other","frontend","development","2026-07-16","active",""
"V9-DOC-0260","如何新增一个 Service（DataBridge + Envelope 路由）","how-to/how-to-add-service.md","11.2","other","backend","development","2026-07-16","active",""
"V9-DOC-0261","如何新增一个 Store（Zustand + withBroadcast）","how-to/how-to-add-store.md","10.3","other","data","development","2026-07-16","active",""
"V9-DOC-0262","如何新增一个 Widget（WidgetShell + 事件总线）","how-to/how-to-add-widget.md","12.3","other","frontend","development","2026-07-16","active",""
"V9-DOC-0263","MCP 权限控制开发指南","how-to/mcp-acl-guide.md","12.5","other","frontend","development","2026-07-16","active",""
"V9-DOC-0264","V9 PWA 离线化实施指南","how-to/pwa-offline-guide.md","6.3","other","frontend","development","2026-07-16","active",""
"V9-DOC-0265","how-to — 操作指南","how-to/README.md","1.5","other","general","development","2026-07-17","active",""
"V9-DOC-0266","V9 视觉回归基线管理规范","how-to/visual-regression-guide.md","6.1","other","frontend","development","2026-07-16","active",""
"V9-DOC-0267","Widget 开发指南","how-to/widget-development-guide.md","14.5","other","frontend","development","2026-07-16","active",""
"V9-DOC-0268","数据层总览","modules/data-layer-overview.md","0.5","other","architecture","general","2026-07-16","active",""
"V9-DOC-0269","modules — 模块文档（兼容重定向）","modules/README.md","0.8","other","general","general","2026-07-17","active",""
"V9-DOC-0270","部署说明","ops/deployment.md","0.3","other","general","deployment","2026-07-16","active",""
"V9-DOC-0271","运行手册","ops/runbook.md","0.3","other","general","deployment","2026-07-16","active",""
"V9-DOC-0272","V9 自主工作流优化策略","prompts/autonomous-workflow-optimization.md","13.5","other","project","general","2026-07-16","active",""
"V9-DOC-0273","V9 自主工作流使用指南","prompts/autonomous-workflow-user-guide.md","9.9","other","frontend","development","2026-07-16","active",""
"V9-DOC-0274","AI Engineering Governance — V9 智能投研复盘系统","prompts/README.md","16.3","other","general","general","2026-07-16","active",""
"V9-DOC-0275","Service 集成开发指南","prompts/service-integration-guide.md","22.9","other","frontend","development","2026-07-16","active",""
"V9-DOC-0276","Store 集成开发指南","prompts/store-integration-guide.md","22.5","other","frontend","development","2026-07-16","active",""
"V9-DOC-0277","审计脚本误报分析报告","reference/changelogs/2026-07/2026-07-05-audit-false-positive-analysis.md","6.7","other","backend","testing","2026-07-16","active",""
"V9-DOC-0278","颜色硬编码治理 - P1 批次技术日志","reference/changelogs/2026-07/2026-07-05-color-refactor-p1.md","4.5","other","frontend","general","2026-07-16","active",""
"V9-DOC-0279","颜色硬编码治理 - P2 批次技术日志","reference/changelogs/2026-07/2026-07-05-color-refactor-p2.md","5.8","other","frontend","general","2026-07-16","active",""
"V9-DOC-0280","颜色令牌重构清单","reference/changelogs/2026-07/2026-07-05-color-token-refactor.md","5.9","other","frontend","general","2026-07-16","active",""
"V9-DOC-0281","全面检测、总结与整改报告 — 2026-07-05","reference/changelogs/2026-07/2026-07-05-comprehensive-audit-and-remediation.md","8.8","other","qa","testing","2026-07-16","active",""
"V9-DOC-0282","技术日志：DataBridge.query() 实现与 dataLayer 读操作改造","reference/changelogs/2026-07/2026-07-05-databridge-query-implementation.md","8.6","other","data","development","2026-07-16","active",""
"V9-DOC-0283","2026-07-05 模块注册体系建立与未注册文件全量集成","reference/changelogs/2026-07/2026-07-05-module-registry-and-integration.md","6.3","other","general","general","2026-07-16","active",""
"V9-DOC-0284","Jira 任务单归档:P0-5 缺陷 + 6 个历史 Bug 修复","reference/changelogs/2026-07/2026-07-05-p0-5-and-legacy-bugs-jira-tickets.md","15","other","general","general","2026-07-16","active",""
"V9-DOC-0285","P2 批次完成报告 & 后续迭代任务清单 — 2026-07-05","reference/changelogs/2026-07/2026-07-05-p2-completion-and-backlog.md","8.4","other","general","general","2026-07-16","active",""
"V9-DOC-0286","开发复盘行动项执行日志","reference/changelogs/2026-07/2026-07-05-post-dev-review-actions.md","4.5","other","general","general","2026-07-16","active",""
"V9-DOC-0287","变更日志 — 2026-07-05 开发后复盘修复","reference/changelogs/2026-07/2026-07-05-post-dev-review.md","5.8","other","general","general","2026-07-16","active",""
"V9-DOC-0288","V9 系统性文档更新与交叉验证报告","reference/changelogs/2026-07/2026-07-05-systematic-doc-update.md","9.2","other","general","general","2026-07-16","active",""
"V9-DOC-0289","UI 测试与优化更新日志","reference/changelogs/2026-07/2026-07-05-ui-testing-optimization.md","8.8","other","frontend","testing","2026-07-16","active",""
"V9-DOC-0290","2026-07-14 架构治理与代码整理","reference/changelogs/2026-07/2026-07-14-architecture-governance.md","3.1","other","architecture","design","2026-07-16","active",""
"V9-DOC-0291","P1 批次行动清单 — 2026-07-05","reference/changelogs/2026-07/action-list-p1.md","3.1","other","general","general","2026-07-16","active",""
"V9-DOC-0292","P1 批次完整性画像 — 2026-07-05","reference/changelogs/2026-07/completeness-profile-p1.md","1.6","other","general","general","2026-07-16","active",""
"V9-DOC-0293","每日文档变更历史 — 2026-07-12","reference/changelogs/2026-07/daily-doc-validation-2026-07-12.md","43.1","other","ai","general","2026-07-16","active",""
"V9-DOC-0294","JSDoc 注释完整汇总报告","reference/changelogs/2026-07/jsdoc-combined-report-20260712.md","21","other","general","retrospective","2026-07-16","active",""
"V9-DOC-0295","JSDoc 注释补充汇总报告","reference/changelogs/2026-07/jsdoc-update-summary-20260712.md","7.9","other","general","retrospective","2026-07-16","active",""
"V9-DOC-0296","JSDoc 文档更新清单 - Data Collector 模块","reference/changelogs/2026-07/jsdoc-update-summary-data-collector-20260712.md","12.6","other","backend","retrospective","2026-07-16","active",""
"V9-DOC-0297","PR-5 构建性能优化总结","reference/changelogs/2026-07/pr-5-build-optimization-summary.md","2.3","other","frontend","retrospective","2026-07-16","active",""
"V9-DOC-0298","PR-7 tradeErrorClassifier.ts 拆分方案文档","reference/changelogs/2026-07/pr-7-trade-error-classifier-split-plan.md","42.4","other","general","general","2026-07-16","active",""
"V9-DOC-0299","PR-8 重复函数去重审计报告","reference/changelogs/2026-07/pr-8-dedup-audit-report.md","21.8","other","qa","testing","2026-07-16","active",""
"V9-DOC-0300","PR-8 重复函数去重重构方案","reference/changelogs/2026-07/pr-8-dedup-plan.md","11.5","other","general","general","2026-07-16","active",""
"V9-DOC-0301","测试缓存清理修复总结","reference/changelogs/2026-07/test-cache-fix-summary.md","5.8","other","qa","testing","2026-07-16","active",""
"V9-DOC-0302","变更摘要-2026-06-28-phase0-数据层改造","reference/changelogs/变更摘要-2026-06-28-phase0-数据层改造.md","0.1","other","general","general","2026-07-16","active",""
"V9-DOC-0303","Cockpit Widget 框架数据字典","reference/cockpit/data-definition.md","25.5","other","data","general","2026-07-16","active",""
"V9-DOC-0304","数据采集模块数据字典","reference/data-collection/data-definition.md","13.6","other","backend","general","2026-07-16","active",""
"V9-DOC-0305","文档自动更新体系 — 任务看板（单一事实源）","reference/meta/doc-auto-update-kanban.md","11.5","other","general","general","2026-07-16","active",""
"V9-DOC-0306","触发事件 → 更新动作 一一映射权威表","reference/meta/doc-trigger-action-map.md","8.2","other","general","general","2026-07-16","active",""
"V9-DOC-0307","V9 文件系统全面评估报告","reference/meta/file-system-assessment-v2.md","12.1","other","general","general","2026-07-16","active",""
"V9-DOC-0308","文档索引","reference/meta/registry-index.md","45.1","other","general","general","2026-07-17","active",""
"V9-DOC-0309","新闻资讯模块数据字典","reference/news/data-definition.md","14.7","other","data","general","2026-07-16","active",""
"V9-DOC-0310","P4 阶段完成 — 文档体系治理","reference/project/changelogs/2026-07/2026-07-14-p4-completion.md","2.3","other","project","general","2026-07-16","active",""
"V9-DOC-0311","Plans","reference/project/plans/README.md","0.6","other","project","general","2026-07-16","active",""
"V9-DOC-0312","ADR-003: DataBridge 替代直接 dataLayer 写入","reference/project/2026-06-21-databridge-over-direct-datalayer.md","1.1","other","architecture","general","2026-07-16","active",""
"V9-DOC-0313","回归测试套件模板","reference/templates/regression-suite.md","2.3","other","frontend","general","2026-07-16","active",""
"V9-DOC-0314","任务图模板","reference/templates/task-graph-template.md","2.2","other","general","general","2026-07-16","active",""
"V9-DOC-0315","交易持仓管理模块 API 契约文档","reference/trade/api-contract.md","12.7","other","general","general","2026-07-16","active",""
"V9-DOC-0316","01. 愿景与目标","reference/01-vision-and-goals.md","2.5","other","general","planning","2026-07-16","active",""
"V9-DOC-0317","02. 功能规格","reference/02-functional-specs.md","19.1","other","general","requirements","2026-07-16","active",""
"V9-DOC-0318","03. 架构标准","reference/03-architecture-standards.md","71.3","other","architecture","design","2026-07-16","active",""
"V9-DOC-0319","04. UI/UX 规范","reference/04-ui-ux-specs.md","17.2","other","frontend","requirements","2026-07-16","active",""
"V9-DOC-0320","05. 引擎规格","reference/05-engine-specs.md","35.7","other","backend","requirements","2026-07-16","active",""
"V9-DOC-0321","06. 路由规格","reference/06-routing-specs.md","21.4","other","general","requirements","2026-07-16","active",""
"V9-DOC-0322","07. 运营策略","reference/07-operation-strategy.md","9.9","other","general","general","2026-07-16","active",""
"V9-DOC-0323","09. 质量门禁","reference/09-quality-gates.md","11.9","other","qa","testing","2026-07-16","active",""
"V9-DOC-0324","10. 领域词汇表","reference/10-glossary.md","16.2","other","general","general","2026-07-16","active",""
"V9-DOC-0325","ADR-002: IndexedDB 替代 localStorage","reference/2026-06-20-indexeddb-over-localstorage.md","1","other","general","general","2026-07-16","active",""
"V9-DOC-0326","ADR-004: React Router HashRouter","reference/2026-06-21-hashrouter-for-static-hosting.md","1","other","general","general","2026-07-16","active",""
"V9-DOC-0327","ADR-008: 采用 v6-pro-cockpit ""第四次工业革命稀缺核心资源"" 交易策略","reference/2026-06-24-adopt-v6-core-resource-trading-strategy.md","7.5","other","backend","general","2026-07-16","active",""
"V9-DOC-0328","V9 数据库数据关系与时间关系蓝图计划","reference/2026-06-29-data-relationship-blueprint.md","21.2","other","data","general","2026-07-16","active",""
"V9-DOC-0329","2026-07-01-v6-architecture-dominance-batch-a","reference/2026-07-01-v6-architecture-dominance-batch-a.md","12.3","other","architecture","design","2026-07-16","active",""
"V9-DOC-0330","V9 系统界面功能测试与优化执行方案","reference/2026-07-04-ui-testing-optimization.md","38.8","other","frontend","testing","2026-07-16","active",""
"V9-DOC-0331","V9 五层追溯审计 — 修复行动清单","reference/action-list.md","12.9","other","general","general","2026-07-16","active",""
"V9-DOC-0332","ADR-002: IndexedDB 替代 localStorage","reference/adr-002-indexeddb-over-localstorage.md","4.9","other","architecture","design","2026-07-16","active",""
"V9-DOC-0333","ADR-003: DataBridge 替代直接 dataLayer 写入","reference/adr-003-databridge-over-direct-datalayer.md","8.8","other","architecture","design","2026-07-16","active",""
"V9-DOC-0334","ADR-006: 输入舱拆分为四子页面","reference/adr-006-input-cabin-subpages.md","4.2","other","architecture","design","2026-07-16","active",""
"V9-DOC-0335","ADR-013: MCP Server 生命周期管理 SOP","reference/adr-mcp-server-lifecycle.md","8.2","other","architecture","design","2026-07-16","active",""
"V9-DOC-0336","Agent Runtime 实现规格","reference/agent-runtime-spec.md","4.7","other","ai","requirements","2026-07-16","active",""
"V9-DOC-0337","ai-center-contract.md — AI 中心接口契约","reference/ai-center-contract.md","8.2","other","ai","general","2026-07-16","active",""
"V9-DOC-0338","AI 智能体调度中心 / 健康监控 / 诊断分析 — 数据字典","reference/ai-center-data-definition.md","17.5","other","data","general","2026-07-16","active",""
"V9-DOC-0339","AI 生成—审计—修正飞轮","reference/ai-generate-audit-fix-loop.md","4.8","other","ai","testing","2026-07-16","active",""
"V9-DOC-0340","项目专属 AI 记忆层（RAG）","reference/ai-memory-layer.md","2.1","other","architecture","general","2026-07-16","active",""
"V9-DOC-0341","Analysis 舱规格（analysis-cabin-spec）","reference/analysis-cabin-spec.md","2.4","other","backend","requirements","2026-07-16","active",""
"V9-DOC-0342","analysis-contract.md — 投研分析核心子域接口契约","reference/analysis-contract.md","13.4","other","backend","general","2026-07-16","active",""
"V9-DOC-0343","交易持仓管理模块 API 契约文档","reference/api-contract.md","17","other","general","general","2026-07-16","active",""
"V9-DOC-0344","架构设计文档版本比对","reference/architecture-version-comparison.md","12","other","architecture","design","2026-07-16","active",""
"V9-DOC-0345","V9 原子组件构成体系（Atomic Design System）","reference/atomic-component-system.md","20.9","other","frontend","general","2026-07-16","active",""
"V9-DOC-0346","V9 自主工作流使用指南","reference/autonomous-workflow-user-guide.md","9.8","other","frontend","development","2026-07-16","active",""
"V9-DOC-0347","backtest-contract.md — 回测引擎接口契约","reference/backtest-contract.md","9.4","other","qa","testing","2026-07-16","active",""
"V9-DOC-0348","DEPRECATED - backtest-data-definition.md","reference/backtest-data-definition.md","6.4","other","data","testing","2026-07-16","active",""
"V9-DOC-0349","V9 架构文档变更日志","reference/CHANGELOG.md","41.9","other","general","general","2026-07-16","active",""
"V9-DOC-0350","V9 图表组件集成规格","reference/chart-integration.md","7.6","other","general","general","2026-07-16","active",""
"V9-DOC-0351","代码审查快速参考卡片","reference/code-review-cheatsheet.md","5.9","other","general","general","2026-07-16","active",""
"V9-DOC-0352","code-review.md — V9 代码审查标准与流程","reference/CODE-REVIEW.md","17.3","other","general","general","2026-07-16","active",""
"V9-DOC-0353","V9 编码规范（Coding Conventions）","reference/coding-conventions.md","2.9","other","general","general","2026-07-16","active",""
"V9-DOC-0354","collection-contract.md — 数据采集子域接口契约","reference/collection-contract.md","8.8","other","backend","general","2026-07-16","active",""
"V9-DOC-0355","Command 舱规格（command-cabin-spec）","reference/command-cabin-spec.md","2","other","general","requirements","2026-07-16","active",""
"V9-DOC-0356","V9 模块完成度剖面图 — 批次 1","reference/completeness-profile-batch1.md","12.3","other","general","general","2026-07-16","active",""
"V9-DOC-0357","V9 批次 E：输出舱 + 总控舱 + 其他 — 完成度剖面图","reference/completeness-profile-batch5.md","6.3","other","general","general","2026-07-16","active",""
"V9-DOC-0358","V9 模块完成度剖面图 — 全量汇总","reference/completeness-profile.md","15.4","other","general","general","2026-07-16","active",""
"V9-DOC-0359","代码复杂度专项治理规范","reference/complexity-governance.md","2.2","other","general","general","2026-07-16","active",""
"V9-DOC-0360","V9 组件弃用政策","reference/component-deprecation-policy.md","6.3","other","frontend","general","2026-07-16","active",""
"V9-DOC-0361","数据采集模块开发任务清单","reference/data-collection-task-list.md","12.6","other","backend","general","2026-07-16","active",""
"V9-DOC-0362","data-collector-contract.md — 数据采集编排服务","reference/data-collector-contract.md","4.7","other","backend","general","2026-07-16","active",""
"V9-DOC-0363","data-definition.md — V9 主数据字典（整合版）","reference/data-definition.md","58.6","other","data","general","2026-07-16","active",""
"V9-DOC-0364","V9 数据字典索引（DATA_DICTIONARY_INDEX）","reference/data-dictionary-index.md","16.1","other","data","general","2026-07-16","active",""
"V9-DOC-0365","V9 数据流规范","reference/data-flow-spec.md","8.7","other","data","requirements","2026-07-16","active",""
"V9-DOC-0366","数据交互协议","reference/data-interaction-protocols.md","4.8","other","data","general","2026-07-16","active",""
"V9-DOC-0367","DataBridge 改进建议整改实施计划","reference/databridge改进建议整改实施计划.md","7.7","other","data","general","2026-07-16","active",""
"V9-DOC-0368","DataBridge 端点与数据映射清单","reference/databridge端点与数据映射清单.md","34.3","other","data","general","2026-07-16","active",""
"V9-DOC-0369","数据流引擎（DataFlow Engine）数据字典","reference/dataflow-data-definition.md","6.3","other","data","general","2026-07-16","active",""
"V9-DOC-0370","DataFlow Engine 实现规格","reference/dataflow-engine-spec.md","6.3","other","backend","requirements","2026-07-16","active",""
"V9-DOC-0371","data_link_sequence_diagram","reference/data_link_sequence_diagram.md","0.1","other","data","general","2026-07-16","active",""
"V9-DOC-0372","V9 部署运维基线","reference/deployment.md","18.5","other","general","deployment","2026-07-16","active",""
"V9-DOC-0373","V6 Pro UI 模块新旧比对与 V9 吸收报告","reference/deprecated-ui-module-alignment.md","6.5","other","frontend","general","2026-07-16","active",""
"V9-DOC-0374","V9 设计令牌映射表","reference/design-token-mapping.md","22.4","other","frontend","design","2026-07-16","active",""
"V9-DOC-0375","Design Tokens 系统使用指南","reference/design-tokens.md","15.7","other","frontend","design","2026-07-16","active",""
"V9-DOC-0376","V9 智能投研复盘系统 — 开发工作流 SOP","reference/development-workflow-sop.md","18.6","other","project","development","2026-07-16","active",""
"V9-DOC-0377","V9 双策略体系与数据流架构规格","reference/dual-strategy-dataflow-spec.md","6.7","other","data","requirements","2026-07-16","active",""
"V9-DOC-0378","V9 双策略体系 — 更新日志与一致性检查","reference/dual-strategy-update-log-and-consistency-check.md","15.2","other","general","general","2026-07-16","active",""
"V9-DOC-0379","execution-contract.md — 交易执行子域接口契约","reference/execution-contract.md","7.9","other","general","general","2026-07-16","active",""
"V9-DOC-0380","export-contract.md — 导出服务接口契约","reference/export-contract.md","7.7","other","general","general","2026-07-16","active",""
"V9-DOC-0381","V9 操作反馈闭环规格","reference/feedback-loop-spec.md","6.4","other","general","requirements","2026-07-16","active",""
"V9-DOC-0382","fetcher-contract.md — 行情/资讯抓取服务","reference/fetcher-contract.md","5.3","other","general","general","2026-07-16","active",""
"V9-DOC-0383","V9 文件命名规范（File Naming Conventions）","reference/file-naming-conventions.md","8.4","other","general","general","2026-07-16","active",""
"V9-DOC-0384","第四次工业革命稀缺核心资源 — 交易策略解析与 V9 采用方案","reference/fourth-industrial-revolution-core-resource-strategy.md","17.4","other","general","general","2026-07-16","active",""
"V9-DOC-0385","Gateway 层写入权限规范","reference/gateway-write-permission-spec.md","11.9","other","general","requirements","2026-07-16","active",""
"V9-DOC-0386","hybrid-proofread-contract.md — 混合校对（人机协同校验）服务接口契约","reference/hybrid-proofread-contract.md","9.1","other","general","general","2026-07-16","active",""
"V9-DOC-0387","iFinD 插件","reference/ifind.md","2.8","other","general","general","2026-07-16","active",""
"V9-DOC-0388","IMF 插件","reference/imf.md","2.8","other","general","general","2026-07-16","active",""
"V9-DOC-0389","插件技能文档索引","reference/index.md","6.7","other","general","general","2026-07-16","active",""
"V9-DOC-0390","输入舱业务规格与实现映射","reference/input-cabin-spec.md","9.1","other","general","requirements","2026-07-16","active",""
"V9-DOC-0391","输入舱 UI 体系化重塑说明","reference/input-cabin-ui-reshaping.md","4","other","frontend","general","2026-07-16","active",""
"V9-DOC-0392","input-contract.md — 输入处理子域接口契约","reference/input-contract.md","10.6","other","general","general","2026-07-16","active",""
"V9-DOC-0393","JSDoc 与文档门禁规范","reference/jsdoc-convention.md","2.4","other","general","general","2026-07-16","active",""
"V9-DOC-0394","llm-contract.md — 大模型服务接口契约","reference/llm-contract.md","9.5","other","ai","general","2026-07-16","active",""
"V9-DOC-0395","多因子选股筛选器数据字典","reference/multi-factor-screening-data-definition.md","2.7","other","data","general","2026-07-16","active",""
"V9-DOC-0396","news-contract.md — 新闻资讯子域接口契约","reference/news-contract.md","12.1","other","general","general","2026-07-16","active",""
"V9-DOC-0397","NewsPage（智能资讯中心）数据字典","reference/news-data-definition.md","8.4","other","data","general","2026-07-16","active",""
"V9-DOC-0398","Output 舱规格（output-cabin-spec）","reference/output-cabin-spec.md","1.6","other","general","requirements","2026-07-16","active",""
"V9-DOC-0399","portfolio-contract.md — 投资组合（Portfolio）接口契约","reference/portfolio-contract.md","7.8","other","general","general","2026-07-16","active",""
"V9-DOC-0400","Pull Request: P0 级资金安全修复 + P1 路由挂载 + 测试覆盖增强","reference/pr-description.md","10","other","general","general","2026-07-16","active",""
"V9-DOC-0401","pwa-contract.md — PWA Service Worker 接口契约","reference/pwa-contract.md","6.2","other","general","general","2026-07-16","active",""
"V9-DOC-0402","V9 PWA 离线化实施指南","reference/pwa-offline-guide.md","6.2","other","frontend","development","2026-07-16","active",""
"V9-DOC-0403","rbac-contract.md — RBAC 权限管理子域接口契约","reference/rbac-contract.md","15","other","general","general","2026-07-16","active",""
"V9-DOC-0404","reference — 技术参考","reference/README.md","2.4","other","general","general","2026-07-17","active",""
"V9-DOC-0405","文档索引","reference/registry-index.md","21.7","other","general","general","2026-07-17","active",""
"V9-DOC-0406","发布说明","reference/release-notes.md","5.8","other","general","deployment","2026-07-16","active",""
"V9-DOC-0407","DEPRECATED - risk-derived-data-definition.md","reference/risk-derived-data-definition.md","12.5","other","data","general","2026-07-16","active",""
"V9-DOC-0408","V9 智能投研复盘系统 — RM 剩余任务全量盘点与整改方案","reference/rm剩余任务全量盘点与整改方案-2026-07-08.md","23.3","other","general","general","2026-07-16","active",""
"V9-DOC-0409","Rotation Score Service 实现规格","reference/rotation-score-spec.md","6.6","other","general","requirements","2026-07-16","active",""
"V9-DOC-0410","Scholar 插件","reference/scholar.md","3","other","general","general","2026-07-16","active",""
"V9-DOC-0411","scoring-contract.md — 评分引擎服务","reference/scoring-contract.md","5.6","other","backend","general","2026-07-16","active",""
"V9-DOC-0412","screening-contract.md — 选股/筛选子域接口契约","reference/screening-contract.md","9.1","other","general","general","2026-07-16","active",""
"V9-DOC-0413","Security Model — V9 智能投研复盘系统安全架构","reference/security-model.md","18.7","other","ai","general","2026-07-16","active",""
"V9-DOC-0414","SEC EDGAR 插件","reference/sec_edgar.md","2.8","other","general","general","2026-07-16","active",""
"V9-DOC-0415","V9 服务子域目录（Services Catalog）","reference/services-catalog.md","4.1","other","backend","general","2026-07-16","active",""
"V9-DOC-0416","SevenDimConfigPage 高级配置补全方案","reference/seven-dim-advanced-config-implementation.md","18.2","other","general","development","2026-07-16","active",""
"V9-DOC-0417","七维采集配置模块 — 数据字典","reference/seven-dim-config-data-definition.md","17.9","other","data","general","2026-07-16","active",""
"V9-DOC-0418","stock-analysis-contract.md — 个股分析子域接口契约","reference/stock-analysis-contract.md","10.7","other","backend","general","2026-07-16","active",""
"V9-DOC-0419","stockpool-contract.md — 股票池管理子域接口契约","reference/stockpool-contract.md","8.6","other","general","general","2026-07-16","active",""
"V9-DOC-0420","system-contract.md — 系统级服务接口契约","reference/system-contract.md","12.9","other","general","general","2026-07-16","active",""
"V9-DOC-0421","V9 测试目录与策略","reference/test-catalog.md","24","other","qa","testing","2026-07-16","active",""
"V9-DOC-0422","V9 三层测试策略","reference/testing-strategy.md","19.8","other","qa","testing","2026-07-16","active",""
"V9-DOC-0423","Tianyancha 插件","reference/tianyancha.md","2.6","other","general","general","2026-07-16","active",""
"V9-DOC-0424","trade-contract.md — 交易域接口契约","reference/trade-contract.md","8.9","other","general","general","2026-07-16","active",""
"V9-DOC-0425","Trading 舱规格（trading-cabin-spec）","reference/trading-cabin-spec.md","1.8","other","backend","requirements","2026-07-16","active",""
"V9-DOC-0426","trading-contract.md — 交易业务子域接口契约","reference/trading-contract.md","18.5","other","backend","general","2026-07-16","active",""
"V9-DOC-0427","UI 组件迁移检查清单","reference/ui-migration-checklist.md","4.8","other","frontend","general","2026-07-16","active",""
"V9-DOC-0428","UI 设计优化实施计划（详细版）","reference/ui设计优化实施计划-详细版.md","56","other","frontend","general","2026-07-16","active",""
"V9-DOC-0429","股票池统一存储方案规范","reference/unified-pool-storage-spec.md","10.9","other","general","requirements","2026-07-16","active",""
"V9-DOC-0430","usecase-contract.md — 业务用例编排接口契约","reference/useCase-contract.md","14.3","other","general","general","2026-07-16","active",""
"V9-DOC-0431","V10 架构白皮书与 V9 对齐报告","reference/v10-architecture-alignment.md","13.2","other","architecture","design","2026-07-16","active",""
"V9-DOC-0432","v6-pro-cockpit UI 组件参考（输入舱）","reference/v6-cockpit-ui-reference.md","8","other","frontend","general","2026-07-16","active",""
"V9-DOC-0433","V6 Pro → V9 JSON 数据迁移规范（中间文档）","reference/v6-to-v9-migration-spec.md","23.1","other","general","requirements","2026-07-16","active",""
"V9-DOC-0434","V9 数据时间关系与生命周期蓝图","reference/v9-data-timeline.md","9.5","other","data","general","2026-07-16","active",""
"V9-DOC-0435","V9 IndexedDB Store Schema 文档","reference/v9-indexeddb-store-schema.md","37.4","other","data","design","2026-07-16","active",""
"V9-DOC-0436","V9 L2 状态层补齐路线图","reference/v9-l2状态层补齐路线图.md","19.2","other","general","general","2026-07-16","active",""
"V9-DOC-0437","V9 智能投研复盘系统 — 整体架构蓝图","reference/v9-system-blueprint.md","22.8","other","general","general","2026-07-16","active",""
"V9-DOC-0438","V9 智能投研复盘系统 - 测试用例清单","reference/V9-TEST-CASES.md","28.4","other","qa","testing","2026-07-16","active",""
"V9-DOC-0439","V9 数据血缘追踪与数据流全景图","reference/v9-数据血缘追踪.md","38.3","other","general","general","2026-07-16","active",""
"V9-DOC-0440","V9 数据宪法（Data Constitution）","reference/V9数据宪法.md","36.9","other","general","general","2026-07-16","active",""
"V9-DOC-0441","V9 数据架构修订建议","reference/v9数据架构修订建议.md","18.7","other","general","general","2026-07-16","active",""
"V9-DOC-0442","V9 核心数据字典与类型定义（整合版）","reference/v9核心数据字典与类型定义(整合版).md","156.1","other","general","general","2026-07-16","active",""
"V9-DOC-0443","V9 现有数据资产清单","reference/V9现有数据资产清单.md","46.5","other","general","general","2026-07-16","active",""
"V9-DOC-0444","Widget 开发指南","reference/widget-development-guide.md","14.5","other","frontend","development","2026-07-16","active",""
"V9-DOC-0445","V9 Widget 错误隔离与降级规格","reference/widget-error-handling.md","6.5","other","frontend","general","2026-07-16","active",""
"V9-DOC-0446","驾驶舱 Widget 集成检查清单","reference/widget-integration-checklist.md","4.9","other","frontend","general","2026-07-16","active",""
"V9-DOC-0447","World Bank Open Data 插件","reference/world_bank_open_data.md","3.1","other","data","general","2026-07-16","active",""
"V9-DOC-0448","Yahoo Finance 插件","reference/yahoo_finance.md","2.9","other","general","general","2026-07-16","active",""
"V9-DOC-0449","Yuandian Law 插件","reference/yuandian_law.md","3.3","other","general","general","2026-07-16","active",""
"V9-DOC-0450","{subdomain}-contract.md — {子域中文名} 接口契约","reference/_contract-template.md","3.6","other","general","general","2026-07-16","active",""
"V9-DOC-0451","功能模块数据契约","reference/功能模块数据契约.md","84.2","other","general","general","2026-07-16","active",""
"V9-DOC-0452","V9 数据治理路线图与执行优先级","reference/数据治理路线图.md","17.2","other","general","general","2026-07-16","active",""
"V9-DOC-0453","V9 项目文件整理清单","reference/文件整理清单.md","17.8","other","general","general","2026-07-16","active",""
"V9-DOC-0454","网页测试检索校对是否纳入数据采集改进方案——比对分析与建议","reference/网页测试检索校对纳入采集方案分析.md","9.1","other","general","general","2026-07-16","active",""
"V9-DOC-0455","踩坑规则门禁指南","reference/踩坑规则门禁指南.md","13.1","other","general","general","2026-07-16","active",""
"V9-DOC-0456","MCP Tool 使用审计报告","reports/audit/mcp-usage/mcp-usage-report-1784135579861.md","0.3","other","ai","testing","2026-07-16","active",""
"V9-DOC-0457","MCP Tool 使用审计报告","reports/audit/mcp-usage/mcp-usage-report-1784154384439.md","0.3","other","ai","testing","2026-07-16","active",""
"V9-DOC-0458","MCP Tool 使用审计报告","reports/audit/mcp-usage/mcp-usage-report-1784154519536.md","0.3","other","ai","testing","2026-07-16","active",""
"V9-DOC-0459","未文档化文件 JSDoc/TSDoc 文档注释模板","reports/audit/2026-07-08-undocumented-files-jsdoc-templates.md","10.9","other","qa","testing","2026-07-16","active",""
"V9-DOC-0460","V9 项目未文档化文件报告","reports/audit/2026-07-08-undocumented-files-report.md","5.8","other","qa","testing","2026-07-16","active",""
"V9-DOC-0461","CollectionPlanPanel V6 设计校对分析报告","reports/audit/2026-07-09-collection-plan-panel-v6-audit.md","10.7","other","backend","testing","2026-07-16","active",""
"V9-DOC-0462","RM整改方案 — 全量审计差异清单","reports/audit/2026-07-09-rm-audit-diff-report.md","7.6","other","qa","testing","2026-07-16","active",""
"V9-DOC-0463","V9 项目未文档化文件报告（更新版）","reports/audit/2026-07-09-undocumented-files-report.md","3.7","other","qa","testing","2026-07-16","active",""
"V9-DOC-0464","批次 C（分析舱）L1-L5 五层追溯审计报告","reports/audit/audit-batch-c-analysis.md","20.9","other","backend","testing","2026-07-16","active",""
"V9-DOC-0465","V9 项目审计报告 — 2026-07-05","reports/audit/audit-findings-2026-07-05.md","11.1","other","qa","testing","2026-07-17","active",""
"V9-DOC-0466","audit:hardcode Warning 分布分析报告","reports/audit/audit-hardcode-warning-distribution.md","9.3","other","qa","testing","2026-07-16","active",""
"V9-DOC-0467","V9 智能投研复盘系统 - 审计警告报告","reports/audit/audit-warning-report.md","20.3","other","qa","testing","2026-07-16","active",""
"V9-DOC-0468","批次 B（输入舱）L1-L5 五层追溯审计报告","reports/audit/batch-b-input-audit.md","21.3","other","qa","testing","2026-07-16","active",""
"V9-DOC-0469","cockpit widget「40 个类型错误」核查 · 分析性判断","reports/audit/cockpit_widget_40错误核查-分析判断.md","3.4","other","frontend","testing","2026-07-16","active",""
"V9-DOC-0470","cockpit / 整体设计一致性审查","reports/audit/cockpit_整体设计一致性审查.md","6.1","other","qa","testing","2026-07-16","active",""
"V9-DOC-0471","代码质量审查报告","reports/audit/code-quality-audit-report.md","13.5","other","qa","testing","2026-07-16","active",""
"V9-DOC-0472","V9 系统代码质量综合报告","reports/audit/code-quality-report-2026-07-06.md","6.6","other","qa","testing","2026-07-16","active",""
"V9-DOC-0473","代码质量量化考核标准（v1.0）","reports/audit/code-quality-rubric.md","3.7","other","qa","testing","2026-07-16","active",""
"V9-DOC-0474","代码评审报告 · WIP 聚焦评审（2026-07-11）","reports/audit/code-review-wip-2026-07-11.md","9.4","other","qa","testing","2026-07-16","active",""
"V9-DOC-0475","颜色整改总结报告","reports/audit/color-remediation-summary-report-20260703.md","16.8","other","frontend","testing","2026-07-16","active",""
"V9-DOC-0476","Debug Session: output-cabin-not-rendering","reports/audit/debug-output-cabin-not-rendering.md","8","other","qa","testing","2026-07-16","active",""
"V9-DOC-0477","V9 文档与文件管理体系 — 治理审计报告","reports/audit/doc-governance-audit-report-2026-07-13.md","11.1","other","qa","testing","2026-07-16","active",""
"V9-DOC-0478","统一错误处理补丁报告","reports/audit/error-handling-patch-report-2026-07-12.md","1","other","qa","testing","2026-07-16","active",""
"V9-DOC-0479","V9 文件管理体系包合规性审查报告","reports/audit/file-management-compliance-report-2026-07-12.md","11.6","other","qa","testing","2026-07-16","active",""
"V9-DOC-0480","file-management-guide.md 综合测试评分报告","reports/audit/file-management-guide-test-report.md","13.7","other","frontend","development","2026-07-16","active",""
"V9-DOC-0481","V9 项目文件系统全局诊断报告","reports/audit/file-system-diagnosis-report-2026-07-20.md","17.4","other","qa","testing","2026-07-16","active",""
"V9-DOC-0482","V9 全量审计问题详细清单","reports/audit/full-audit-inventory-2026-07-05.md","13.9","other","qa","testing","2026-07-16","active",""
"V9-DOC-0483","audit:hardcode 剩余 107 项 Warning 根因分类报告","reports/audit/hardcode-warning-root-cause-analysis.md","17.5","other","backend","testing","2026-07-16","active",""
"V9-DOC-0484","MCP 架构规则与逻辑全面二次审查报告","reports/audit/mcp-architecture-audit-report-2026-07-08.md","14.4","other","architecture","design","2026-07-16","active",""
"V9-DOC-0485","MCP Server 集成测试报告（修复后重跑）","reports/audit/mcp-integration-test-report-2026-07-08-v2.md","11.7","other","ai","testing","2026-07-16","active",""
"V9-DOC-0486","MCP Server 治理复盘深度报告","reports/audit/mcp-server-governance-retrospective.md","16.1","other","ai","requirements","2026-07-16","active",""
"V9-DOC-0487","输出舱模块未显示问题 — 整改报告","reports/audit/output-cabin-remediation-report.md","14.8","other","qa","testing","2026-07-16","active",""
"V9-DOC-0488","V9 上线前终审报告","reports/audit/pre-launch-audit-report-2026-07-14.md","13.1","other","qa","testing","2026-07-16","active",""
"V9-DOC-0489","V9 模块完成度逆向校验 — 执行计划","reports/audit/quality-audit-plan.md","11.2","other","qa","testing","2026-07-16","active",""
"V9-DOC-0490","V9 模块集成水平测试比对报告 — Agent集群修复后","reports/audit/report-12-integration-baseline-comparison.md","11.1","other","qa","testing","2026-07-16","active",""
"V9-DOC-0491","Report-6 整改行动清单","reports/audit/report-6-remediation-action-list.md","10.8","other","qa","testing","2026-07-16","active",""
"V9-DOC-0492","T-11 分层依赖与文档同步审计报告","reports/audit/t11-compliance-audit-report.md","4.7","other","qa","testing","2026-07-16","active",""
"V9-DOC-0493","v2.2.1 测试覆盖率对比报告","reports/audit/test-coverage-comparison-v2.2.1.md","8","other","qa","testing","2026-07-16","active",""
"V9-DOC-0494","测试失败分析报告","reports/audit/test-failure-analysis-report.md","8.3","other","backend","testing","2026-07-16","active",""
"V9-DOC-0495","V9 智能投研复盘系统 — 测试报告","reports/audit/test-report-2026-07-12.md","10.9","other","qa","testing","2026-07-16","active",""
"V9-DOC-0496","类型错误诊断报告","reports/audit/type-error-diagnosis-report.md","11.4","other","qa","testing","2026-07-16","active",""
"V9-DOC-0497","TypeScript 错误处理和类型安全检测报告","reports/audit/typescript错误处理和类型安全检测报告.md","9","other","qa","testing","2026-07-16","active",""
"V9-DOC-0498","工作区未跟踪文件整改报告","reports/audit/untracked-files-remediation-report.md","9.8","other","qa","testing","2026-07-16","active",""
"V9-DOC-0499","v2.2.1 dataLayer.test.ts 测试覆盖率对比报告","reports/audit/v2.2.1-test-coverage-comparison.md","38.5","other","qa","testing","2026-07-16","active",""
"V9-DOC-0500","V6-V9 UI 组件库比对分析报告","reports/audit/v6-v9-ui-component-comparison-report.md","9.3","other","frontend","testing","2026-07-16","active",""
"V9-DOC-0501","V9 代码质量校对分析 — 过程透明看板","reports/audit/v9-code-quality-kanban-20260629.md","22","other","qa","testing","2026-07-16","active",""
"V9-DOC-0502","V9 UI 组件增加可行性评估报告","reports/audit/v9-ui-component-feasibility-assessment.md","16","other","frontend","testing","2026-07-16","active",""
"V9-DOC-0503","V9 架构缺陷与整改行动清单","reports/audit/v9-架构缺陷与整改行动清单.md","10","other","qa","testing","2026-07-16","active",""
"V9-DOC-0504","V9 上线前全面校验报告","reports/audit/上线前全面校验报告-v1.0.0.md","12.1","other","qa","testing","2026-07-16","active",""
"V9-DOC-0505","代码清理待确认清单与信息孤岛整合建议","reports/audit/代码清理待确认清单与信息孤岛整合建议.md","7.9","other","qa","testing","2026-07-16","active",""
"V9-DOC-0506","代码质量合规审查报告","reports/audit/代码质量合规审查报告_2026-07-08.md","8.5","other","qa","testing","2026-07-16","active",""
"V9-DOC-0507","代码质量整改与回归测试报告","reports/audit/代码质量整改与回归测试报告_2026-07-08.md","7.4","other","qa","testing","2026-07-16","active",""
"V9-DOC-0508","文档↔代码双向一致性检测报告","reports/audit/文档-代码双向一致性检测报告_2026-07-08.md","6.5","other","qa","testing","2026-07-16","active",""
"V9-DOC-0509","V9 模块补全验收报告","reports/audit/模块补全验收报告.md","5.7","other","qa","testing","2026-07-16","active",""
"V9-DOC-0510","V9 比对/分析报告 — 检索与横向比对报告","reports/audit/比对分析报告检索与比对报告.md","7.2","other","qa","testing","2026-07-16","active",""
"V9-DOC-0511","脚本与测试质量检查报告","reports/audit/脚本与测试质量检查报告.md","12.9","other","qa","testing","2026-07-16","active",""
"V9-DOC-0512","文档更新结果报告","reports/changelogs/2026-07-05-document-update-report.md","7.2","other","general","retrospective","2026-07-16","active",""
"V9-DOC-0513","V9 文档更新报告 — 2026-07-08","reports/changelogs/2026-07-08-document-update-report.md","8","other","general","retrospective","2026-07-16","active",""
"V9-DOC-0514","V9 项目文档化工作最终总结报告","reports/changelogs/2026-07-08-documentation-summary-report.md","6.4","other","general","retrospective","2026-07-16","active",""
"V9-DOC-0515","V9 项目更新日志 — 文档化工作完成","reports/changelogs/2026-07-09-update-log.md","4.9","other","general","retrospective","2026-07-16","active",""
"V9-DOC-0516","V9 更新日志报告","reports/changelogs/changelog-2026-07-04t06-45-59.md","2.9","other","general","retrospective","2026-07-16","active",""
"V9-DOC-0517","V9 架构文档变更日志","reports/changelogs/CHANGELOG.md","53.3","other","general","retrospective","2026-07-16","active",""
"V9-DOC-0518","V9 更新日志报告","reports/changelogs/monthly-2026-07.md","2.9","other","general","retrospective","2026-07-16","active",""
"V9-DOC-0519","PR-5 构建性能优化总结","reports/changelogs/pr-5-build-optimization-summary.md","2","other","frontend","retrospective","2026-07-16","active",""
"V9-DOC-0520","PR-8 重复函数去重审计报告","reports/changelogs/pr-8-dedup-audit-report.md","21.8","other","qa","testing","2026-07-16","active",""
"V9-DOC-0521","PR-8 重复函数去重重构方案","reports/changelogs/pr-8-dedup-plan.md","11.5","other","general","retrospective","2026-07-16","active",""
"V9-DOC-0522","知识图谱构建Token消耗复盘与优化报告","reports/lessons-learned/knowledge-graph-token-optimization-report.md","4","other","frontend","retrospective","2026-07-16","active",""
"V9-DOC-0523","开发教训总结与知识沉淀报告","reports/lessons-learned/latest.md","1","other","qa","testing","2026-07-16","active",""
"V9-DOC-0524","开发教训总结与知识沉淀报告","reports/lessons-learned/lessons-learned-2026-07-12.md","1.1","other","general","retrospective","2026-07-16","active",""
"V9-DOC-0525","V9项目Token消耗深度分析报告","reports/lessons-learned/token-consumption-analysis-2026-07-04.md","11.3","other","frontend","retrospective","2026-07-16","active",""
"V9-DOC-0526","V9项目Token优化最佳实践指南","reports/lessons-learned/token-optimization-best-practices.md","30.6","other","frontend","retrospective","2026-07-17","active",""
"V9-DOC-0527","buildScoreDocDiff 修复 — 生产部署回滚预案","reports/release-management/buildscoredocdiff-rollback-plan.md","14.4","other","frontend","deployment","2026-07-16","active",""
"V9-DOC-0528","V9 计划与排期（Plans）","reports/release-management/README.md","1.6","other","project","deployment","2026-07-16","active",""
"V9-DOC-0529","src/store 派生计算文件文档化必要性分析","reports/retrospectives/2026-07-08-store-derived-documentation-analysis.md","11","other","backend","requirements","2026-07-16","active",""
"V9-DOC-0530","邮件正文：V9 项目文档化工作完成通知","reports/retrospectives/2026-07-09-email-body.md","1.8","other","ai","requirements","2026-07-16","active",""
"V9-DOC-0531","V9系统四类常态问题综合分析报告","reports/retrospectives/2026-07-09-four-category-problem-analysis.md","16.5","other","backend","requirements","2026-07-16","active",""
"V9-DOC-0532","Jira 任务卡片内容","reports/retrospectives/2026-07-09-jira-tasks.md","8.3","other","general","requirements","2026-07-16","active",""
"V9-DOC-0533","P0/P1 路由缺口修复代码方案","reports/retrospectives/2026-07-09-p0-p1-fix-code-plan.md","6","other","general","requirements","2026-07-16","active",""
"V9-DOC-0534","P0 优先级待办任务清单","reports/retrospectives/2026-07-09-p0-todo-list.md","2.7","other","general","requirements","2026-07-16","active",""
"V9-DOC-0535","P1 级测试修复与日志埋点技术总结","reports/retrospectives/2026-07-09-p1-fix-technical-summary.md","9.8","other","general","requirements","2026-07-16","active",""
"V9-DOC-0536","P1 缺口修复技术复盘","reports/retrospectives/2026-07-09-p1-gaps-fix-technical-review.md","9","other","general","requirements","2026-07-16","active",""
"V9-DOC-0537","剩余 3 个 P1 缺口修复代码方案","reports/retrospectives/2026-07-09-remaining-p1-gaps-fix-plan.md","15.8","other","ai","requirements","2026-07-16","active",""
"V9-DOC-0538","路由注册缺失报告","reports/retrospectives/2026-07-09-route-registration-gap-report.md","7.4","other","general","requirements","2026-07-16","active",""
"V9-DOC-0539","src/store 派生计算文件文档化必要性分析","reports/retrospectives/2026-07-09-store-derived-documentation-analysis.md","13.9","other","backend","requirements","2026-07-16","active",""
"V9-DOC-0540","V9 项目文档化工作技术分享 PPT 大纲","reports/retrospectives/2026-07-09-technical-sharing-ppt-outline.md","8.7","other","general","requirements","2026-07-16","active",""
"V9-DOC-0541","V9 阶段性合并报告（Batch 1-3 汇总）","reports/retrospectives/batch-merge-reports.md","6","other","general","requirements","2026-07-16","active",""
"V9-DOC-0542","圈复杂度优化方案","reports/retrospectives/complexity-optimization-plan.md","7.7","other","general","requirements","2026-07-16","active",""
"V9-DOC-0543","数据采集模块开发任务清单","reports/retrospectives/data-collection-task-list.md","12.6","other","backend","requirements","2026-07-16","active",""
"V9-DOC-0544","data_link_sequence_diagram","reports/retrospectives/data_link_sequence_diagram.md","0.1","other","data","requirements","2026-07-16","active",""
"V9-DOC-0545","依赖分析报告","reports/retrospectives/dependency-analysis.md","4.6","other","backend","requirements","2026-07-16","active",""
"V9-DOC-0546","Design Tokens 系统实施事后分析报告","reports/retrospectives/design-tokens-implementation-report.md","14","other","frontend","requirements","2026-07-16","active",""
"V9-DOC-0547","代码-文档同步整体方案与执行计划","reports/retrospectives/doc-sync-execution-plan.md","12.9","other","general","requirements","2026-07-16","active",""
"V9-DOC-0548","25 只股票全流程端到端校对测试 — 考核指标方案","reports/retrospectives/e2e-verify-25stocks-plan.md","14.3","other","general","requirements","2026-07-16","active",""
"V9-DOC-0549","25 只股票全流程端到端校对测试 — 按舱分析报告","reports/retrospectives/e2e-verify-25stocks-report.md","18.8","other","general","requirements","2026-07-16","active",""
"V9-DOC-0550","冗余设计专项端到端验证报告（R1–R5）","reports/retrospectives/e2e-verify-redundancy-report.md","6.9","other","general","requirements","2026-07-16","active",""
"V9-DOC-0551","V9 实施文档保鲜度告警清单","reports/retrospectives/freshness-alerts.md","2","other","general","requirements","2026-07-16","active",""
"V9-DOC-0552","V9 实施文档健康度报告","reports/retrospectives/health-report.md","5.9","other","general","requirements","2026-07-16","active",""
"V9-DOC-0553","V9 项目经验教训 — 团队分享摘要版","reports/retrospectives/lessons-learned-summary.md","8.9","other","general","requirements","2026-07-16","active",""
"V9-DOC-0554","V9 项目经验教训知识库","reports/retrospectives/lessons-learned.md","41.5","other","general","requirements","2026-07-16","active",""
"V9-DOC-0555","MCP 层权限控制修复方案","reports/retrospectives/mcp-acl-fix-plan-2026-07-08.md","25.6","other","ai","requirements","2026-07-16","active",""
"V9-DOC-0556","MCP 架构整改行动计划","reports/retrospectives/mcp-architecture-remediation-plan-2026-07-08.md","16.8","other","architecture","requirements","2026-07-16","active",""
"V9-DOC-0557","6 个 Disabled MCP Server 深度复盘报告","reports/retrospectives/mcp-disabled-server-deep-dive.md","32.8","other","ai","requirements","2026-07-16","active",""
"V9-DOC-0558","MCP 模块状态与历史变更记录","reports/retrospectives/mcp-module-status.md","5.9","other","ai","requirements","2026-07-16","active",""
"V9-DOC-0559","MCP Server 僵尸模块审计报告","reports/retrospectives/mcp-zombie-server-audit-report.md","8.9","other","ai","requirements","2026-07-16","active",""
"V9-DOC-0560","V9 智能投研复盘系统 — 项目开发历程系统梳理","reports/retrospectives/project-development-journey.md","42.9","other","project","requirements","2026-07-17","active",""
"V9-DOC-0561","V9 智能投研复盘系统 — 整改遗留事项后续处理计划","reports/retrospectives/rectification-follow-up-plan.md","7.3","other","general","requirements","2026-07-16","active",""
"V9-DOC-0562","V9 系统代码重构执行方案","reports/retrospectives/refactoring-plan-2026-07-04.md","7.4","other","general","requirements","2026-07-16","active",""
"V9-DOC-0563","V9 智能投研复盘系统 — 整改完成报告","reports/retrospectives/system-rectification-final-report.md","9.1","other","general","requirements","2026-07-16","active",""
"V9-DOC-0564","V9 智能投研复盘系统 — 全面整改报告","reports/retrospectives/system-rectification-report-2026-07-12.md","7.5","other","general","requirements","2026-07-16","active",""
"V9-DOC-0565","测试/构建产物清理记录（最终状态）","reports/retrospectives/test-artifacts-cleanup-list.md","2.3","other","qa","requirements","2026-07-16","active",""
"V9-DOC-0566","V9 实施文档时间轴报告","reports/retrospectives/timeline-report.md","5","other","general","requirements","2026-07-16","active",""
"V9-DOC-0567","V9 智能投研复盘系统 — 当前状态全面梳理（按实施进度）","reports/retrospectives/v9-current-state-review.md","20.5","other","general","requirements","2026-07-16","active",""
"V9-DOC-0568","V9 数据关系蓝图任务跟踪计划","reports/retrospectives/v9-data-blueprint-task-tracking.md","12.1","other","data","requirements","2026-07-16","active",""
"V9-DOC-0569","评分拍照比对功能模块 — 补充穿行测试报告","reports/retrospectives/walkthrough-scoredoc-report.md","29.2","other","general","requirements","2026-07-16","active",""
"V9-DOC-0570","V9 智能投研复盘系统 · 综合验证与定位分析报告","reports/retrospectives/综合验证与定位分析报告-v2.0.0.md","34.2","other","general","requirements","2026-07-17","active",""
"V9-DOC-0571","reports — 过程产物与审计报告","reports/README.md","1.2","other","general","retrospective","2026-07-17","active",""
"V9-DOC-0572","编码规范","standards/coding-conventions.md","0.5","other","general","general","2026-07-16","active",""
"V9-DOC-0573","质量门禁","standards/quality-gates.md","0.4","other","qa","testing","2026-07-16","active",""
"V9-DOC-0574","01 · 设计与原创思路（Design & Original Thinking）","team-handbook/01-design-philosophy.md","7.1","other","project","design","2026-07-16","active",""
"V9-DOC-0575","02 · 整体架构设计思路（Overall Architecture）","team-handbook/02-architecture.md","7.1","other","architecture","design","2026-07-15","active",""
"V9-DOC-0576","03 · UI 组件设计思路（UI Component Design）","team-handbook/03-ui-components.md","7.6","other","frontend","general","2026-07-16","active",""
"V9-DOC-0577","04 · 模型运行思路（Model Runtime & Data Flow）","team-handbook/04-model-runtime.md","10.3","other","ai","general","2026-07-15","active",""
"V9-DOC-0578","05 · 竞品对比分析（Competitive Analysis）","team-handbook/05-competitive-analysis.md","5.3","other","backend","general","2026-07-15","active",""
"V9-DOC-0579","V9 团队开发操作指南","team-handbook/06-team-operation-guide.md","45.8","other","frontend","development","2026-07-17","active",""
"V9-DOC-0580","FinSightV9 团队体系手册（Team Handbook）","team-handbook/README.md","4.9","other","project","general","2026-07-17","active",""
"V9-DOC-0581","testing — 测试文档（兼容重定向）","testing/README.md","0.6","other","qa","testing","2026-07-17","active",""
"V9-DOC-0582","测试目录与用例目录","testing/test-catalog.md","0.4","other","qa","testing","2026-07-16","active",""
"V9-DOC-0583","V9 智能投研复盘系统 — 新成员 30 分钟上手指南","tutorials/getting-started.md","13","other","general","general","2026-07-16","active",""
"V9-DOC-0584","tutorials — 入门教程","tutorials/README.md","1","other","general","general","2026-07-17","active",""
"V9-DOC-0585","FinSightV9 文档中心","README.md","4.4","other","general","general","2026-07-17","active",""
"V9-DOC-0586","文档索引已迁移","registry-index.md","0.8","other","general","general","2026-07-17","active",""
